product_code_hs,location,year,distance
2527,abw,1995,0.986095
2527,abw,1996,0.993237
2527,abw,1997,0.992988
2527,abw,1998,0.988125
2527,abw,1999,0.987353
2527,abw,2000,0.987217
2527,abw,2001,0.989394
2527,abw,2002,0.988635
2527,abw,2003,0.984595
2527,abw,2004,0.991549
2527,abw,2005,0.99145
2527,abw,2006,0.987298
2527,abw,2007,0.983041
2527,afg,1995,0.940503
2527,afg,1996,0.953097
2527,afg,1997,0.936028
2527,afg,1998,0.952177
2527,afg,1999,0.938667
2527,afg,2000,0.927296
2527,afg,2001,0.927498
2527,afg,2002,0.931589
2527,afg,2003,0.923571
2527,afg,2004,0.931622
2527,afg,2005,0.938623
2527,afg,2006,0.897678
2527,afg,2007,0.933988
2527,ago,1995,0.997502
2527,ago,1996,0.995713
2527,ago,1997,0.991513
2527,ago,1998,0.99235
2527,ago,1999,0.995708
2527,ago,2000,0.995528
2527,ago,2001,0.995849
2527,ago,2002,0.995384
2527,ago,2003,0.996309
2527,ago,2004,0.995022
2527,ago,2005,0.998097
2527,ago,2006,0.99492
2527,ago,2007,0.99053
2527,aia,1995,0.956143
2527,aia,1996,0.949694
2527,aia,1997,0.93072
2527,aia,1998,0.94495
2527,aia,1999,0.957755
2527,aia,2000,0.937893
2527,aia,2001,0.91761
2527,aia,2002,0.944728
2527,aia,2003,0.957035
2527,aia,2004,0.944246
2527,aia,2005,0.965975
2527,aia,2006,0.961586
2527,aia,2007,0.975674
2527,alb,1995,0.901354
2527,alb,1996,0.84875
2527,alb,1997,0.880379
2527,alb,1998,0.874879
2527,alb,1999,0.849413
2527,alb,2000,0.86059
2527,alb,2001,0.885138
2527,alb,2002,0.885535
2527,alb,2003,0.834619
2527,alb,2004,0.870886
2527,alb,2005,0.88645
2527,alb,2006,0.82434
2527,alb,2007,0.848809
2527,and,1995,0.926186
2527,and,1996,0.917496
2527,and,1997,0.904451
2527,and,1998,0.891461
2527,and,1999,0.873639
2527,and,2000,0.869957
2527,and,2001,0.847372
2527,and,2002,0.87135
2527,and,2003,0.894939
2527,and,2004,0.887606
2527,and,2005,0.905267
2527,and,2006,0.924011
2527,and,2007,0.905411
2527,ant,1995,0.963504
2527,ant,1996,0.978756
2527,ant,1997,0.961411
2527,ant,1998,0.946115
2527,ant,1999,0.953839
2527,ant,2000,0.956151
2527,ant,2001,0.961511
2527,ant,2002,0.949346
2527,ant,2003,0.951472
2527,ant,2004,0.951219
2527,ant,2005,0.982083
2527,ant,2006,0.965608
2527,ant,2007,0.930409
2527,are,1995,0.916048
2527,are,1996,0.931774
2527,are,1997,0.934598
2527,are,1998,0.905533
2527,are,1999,0.87362
2527,are,2000,0.898637
2527,are,2001,0.898534
2527,are,2002,0.91049
2527,are,2003,0.917594
2527,are,2004,0.900204
2527,are,2005,0.926804
2527,are,2006,0.893545
2527,are,2007,0.922693
2527,arg,1995,0.825133
2527,arg,1996,0.83879
2527,arg,1997,0.816764
2527,arg,1998,0.810022
2527,arg,1999,0.806391
2527,arg,2000,0.776041
2527,arg,2001,0.786818
2527,arg,2002,0.821439
2527,arg,2003,0.820964
2527,arg,2004,0.828764
2527,arg,2005,0.844318
2527,arg,2006,0.764001
2527,arg,2007,0.790524
2527,arm,1995,0.968323
2527,arm,1996,0.940031
2527,arm,1997,0.89139
2527,arm,1998,0.916417
2527,arm,1999,0.915104
2527,arm,2000,0.915083
2527,arm,2001,0.894345
2527,arm,2002,0.912329
2527,arm,2003,0.926742
2527,arm,2004,0.949337
2527,arm,2005,0.940806
2527,arm,2006,0.924975
2527,arm,2007,0.867207
2527,atf,1995,0.997156
2527,atf,1996,0.991577
2527,atf,1997,0.996296
2527,atf,1998,0.995424
2527,atf,1999,0.993481
2527,atf,2000,0.988704
2527,atf,2001,0.985339
2527,atf,2002,0.975931
2527,atf,2003,0.969725
2527,atf,2004,0.9744
2527,atf,2005,0.990557
2527,atf,2006,0.983329
2527,atf,2007,0.975433
2527,atg,1995,0.94646
2527,atg,1996,0.940124
2527,atg,1997,0.941868
2527,atg,1998,0.928112
2527,atg,1999,0.915223
2527,atg,2000,0.954803
2527,atg,2001,0.959198
2527,atg,2002,0.967087
2527,atg,2003,0.97197
2527,atg,2004,0.963332
2527,atg,2005,0.971702
2527,atg,2006,0.963117
2527,atg,2007,0.912784
2527,aus,1995,0.732077
2527,aus,1996,0.754112
2527,aus,1997,0.721314
2527,aus,1998,0.757816
2527,aus,1999,0.729329
2527,aus,2000,0.761464
2527,aus,2001,0.757467
2527,aus,2002,0.701251
2527,aus,2003,0.789157
2527,aus,2004,0.786762
2527,aus,2005,0.849154
2527,aus,2006,0.772315
2527,aus,2007,0.71544
2527,aut,1995,0.682413
2527,aut,1996,0.701427
2527,aut,1997,0.653905
2527,aut,1998,0.65376
2527,aut,1999,0.654944
2527,aut,2000,0.656308
2527,aut,2001,0.692308
2527,aut,2002,0.711045
2527,aut,2003,0.770756
2527,aut,2004,0.748607
2527,aut,2005,0.621402
2527,aut,2006,0.750112
2527,aut,2007,0.760254
2527,aze,1995,0.953633
2527,aze,1996,0.929821
2527,aze,1997,0.923289
2527,aze,1998,0.910586
2527,aze,1999,0.941086
2527,aze,2000,0.935969
2527,aze,2001,0.963842
2527,aze,2002,0.967604
2527,aze,2003,0.952735
2527,aze,2004,0.952104
2527,aze,2005,0.95917
2527,aze,2006,0.958362
2527,aze,2007,0.983153
2527,bdi,1995,0.9784
2527,bdi,1996,0.973627
2527,bdi,1997,0.985291
2527,bdi,1998,0.981948
2527,bdi,1999,0.983168
2527,bdi,2000,0.981825
2527,bdi,2001,0.96161
2527,bdi,2002,0.954774
2527,bdi,2003,0.965146
2527,bdi,2004,0.965863
2527,bdi,2005,0.981179
2527,bdi,2006,0.956426
2527,bdi,2007,0.939304
2527,bel,1995,0.648108
2527,bel,1996,0.695418
2527,bel,1997,0.618969
2527,bel,1998,0.576494
2527,bel,1999,0.630478
2527,bel,2000,0.652504
2527,bel,2001,0.682477
2527,bel,2002,0.70475
2527,bel,2003,0.707845
2527,bel,2004,0.698488
2527,bel,2005,0.625974
2527,bel,2006,0.620485
2527,bel,2007,0.698406
2527,ben,1995,0.971714
2527,ben,1996,0.954303
2527,ben,1997,0.971622
2527,ben,1998,0.955946
2527,ben,1999,0.94994
2527,ben,2000,0.952465
2527,ben,2001,0.960801
2527,ben,2002,0.945022
2527,ben,2003,0.935476
2527,ben,2004,0.961785
2527,ben,2005,0.969951
2527,ben,2006,0.932362
2527,ben,2007,0.940326
2527,bfa,1995,0.965714
2527,bfa,1996,0.964931
2527,bfa,1997,0.973295
2527,bfa,1998,0.967675
2527,bfa,1999,0.953346
2527,bfa,2000,0.904725
2527,bfa,2001,0.877672
2527,bfa,2002,0.884785
2527,bfa,2003,0.908713
2527,bfa,2004,0.929029
2527,bfa,2005,0.96601
2527,bfa,2006,0.922631
2527,bfa,2007,0.913296
2527,bgd,1995,0.938655
2527,bgd,1996,0.918756
2527,bgd,1997,0.947057
2527,bgd,1998,0.935969
2527,bgd,1999,0.947448
2527,bgd,2000,0.926929
2527,bgd,2001,0.935447
2527,bgd,2002,0.953974
2527,bgd,2003,0.902485
2527,bgd,2004,0.910029
2527,bgd,2005,0.948904
2527,bgd,2006,0.913074
2527,bgd,2007,0.925684
2527,bgr,1995,0.775125
2527,bgr,1996,0.743661
2527,bgr,1997,0.774473
2527,bgr,1998,0.734891
2527,bgr,1999,0.719004
2527,bgr,2000,0.737552
2527,bgr,2001,0.739881
2527,bgr,2002,0.778732
2527,bgr,2003,0.736649
2527,bgr,2004,0.77546
2527,bgr,2005,0.795561
2527,bgr,2006,0.750869
2527,bgr,2007,0.777821
2527,bhr,1995,0.941841
2527,bhr,1996,0.945254
2527,bhr,1997,0.94897
2527,bhr,1998,0.941661
2527,bhr,1999,0.942518
2527,bhr,2000,0.940961
2527,bhr,2001,0.94565
2527,bhr,2002,0.932574
2527,bhr,2003,0.951712
2527,bhr,2004,0.941123
2527,bhr,2005,0.945822
2527,bhr,2006,0.90774
2527,bhr,2007,0.922415
2527,bhs,1995,0.949061
2527,bhs,1996,0.961564
2527,bhs,1997,0.970881
2527,bhs,1998,0.944252
2527,bhs,1999,0.957811
2527,bhs,2000,0.955342
2527,bhs,2001,0.946426
2527,bhs,2002,0.960616
2527,bhs,2003,0.966931
2527,bhs,2004,0.975384
2527,bhs,2005,0.983195
2527,bhs,2006,0.978202
2527,bhs,2007,0.951951
2527,bih,1995,0.875147
2527,bih,1996,0.824924
2527,bih,1997,0.851126
2527,bih,1998,0.848458
2527,bih,1999,0.839893
2527,bih,2000,0.844918
2527,bih,2001,0.841851
2527,bih,2002,0.859192
2527,bih,2003,0.838801
2527,bih,2004,0.838196
2527,bih,2005,0.857861
2527,bih,2006,0.818243
2527,bih,2007,0.842333
2527,blr,1995,0.842121
2527,blr,1996,0.764698
2527,blr,1997,0.89977
2527,blr,1998,0.758417
2527,blr,1999,0.75244
2527,blr,2000,0.835333
2527,blr,2001,0.826503
2527,blr,2002,0.859605
2527,blr,2003,0.844453
2527,blr,2004,0.867083
2527,blr,2005,0.86697
2527,blr,2006,0.891075
2527,blr,2007,0.921266
2527,blz,1995,0.954244
2527,blz,1996,0.956854
2527,blz,1997,0.946131
2527,blz,1998,0.951761
2527,blz,1999,0.95853
2527,blz,2000,0.943764
2527,blz,2001,0.954585
2527,blz,2002,0.948225
2527,blz,2003,0.941505
2527,blz,2004,0.955515
2527,blz,2005,0.969773
2527,blz,2006,0.953291
2527,blz,2007,0.936371
2527,bmu,1995,0.973814
2527,bmu,1996,0.98405
2527,bmu,1997,0.973546
2527,bmu,1998,0.964538
2527,bmu,1999,0.963328
2527,bmu,2000,0.967841
2527,bmu,2001,0.981983
2527,bmu,2002,0.968582
2527,bmu,2003,0.986574
2527,bmu,2004,0.976944
2527,bmu,2005,0.985052
2527,bmu,2006,0.983913
2527,bmu,2007,0.97609
2527,bol,1995,0.923884
2527,bol,1996,0.923562
2527,bol,1997,0.920972
2527,bol,1998,0.921139
2527,bol,1999,0.923111
2527,bol,2000,0.919223
2527,bol,2001,0.919156
2527,bol,2002,0.932849
2527,bol,2003,0.902524
2527,bol,2004,0.91706
2527,bol,2005,0.944974
2527,bol,2006,0.90258
2527,bol,2007,0.897746
2527,bra,1995,0.78673
2527,bra,1996,0.686566
2527,bra,1997,0.679863
2527,bra,1998,0.78591
2527,bra,1999,0.761826
2527,bra,2000,0.77858
2527,bra,2001,0.787418
2527,bra,2002,0.791052
2527,bra,2003,0.761179
2527,bra,2004,0.757584
2527,bra,2005,0.800579
2527,bra,2006,0.765879
2527,bra,2007,0.760971
2527,brb,1995,0.896189
2527,brb,1996,0.936798
2527,brb,1997,0.894223
2527,brb,1998,0.876731
2527,brb,1999,0.895064
2527,brb,2000,0.918289
2527,brb,2001,0.905629
2527,brb,2002,0.927208
2527,brb,2003,0.934283
2527,brb,2004,0.927988
2527,brb,2005,0.899136
2527,brb,2006,0.86094
2527,brb,2007,0.877171
2527,brn,1995,0.986611
2527,brn,1996,0.983237
2527,brn,1997,0.988426
2527,brn,1998,0.978905
2527,brn,1999,0.986582
2527,brn,2000,0.988165
2527,brn,2001,0.987393
2527,brn,2002,0.992032
2527,brn,2003,0.976556
2527,brn,2004,0.983771
2527,brn,2005,0.995186
2527,brn,2006,0.991188
2527,brn,2007,0.99377
2527,btn,1995,0.955346
2527,btn,1996,0.959727
2527,btn,1997,0.954702
2527,btn,1998,0.948308
2527,btn,1999,0.950014
2527,btn,2000,0.940189
2527,btn,2001,0.930039
2527,btn,2002,0.944955
2527,btn,2003,0.919453
2527,btn,2004,0.94612
2527,btn,2005,0.967187
2527,btn,2006,0.95716
2527,btn,2007,0.983162
2527,caf,1995,0.97601
2527,caf,1996,0.97619
2527,caf,1997,0.987874
2527,caf,1998,0.983112
2527,caf,1999,0.980135
2527,caf,2000,0.985651
2527,caf,2001,0.980536
2527,caf,2002,0.969593
2527,caf,2003,0.968662
2527,caf,2004,0.977489
2527,caf,2005,0.963941
2527,caf,2006,0.950059
2527,caf,2007,0.949974
2527,can,1995,0.695087
2527,can,1996,0.709946
2527,can,1997,0.610896
2527,can,1998,0.71255
2527,can,1999,0.744265
2527,can,2000,0.77308
2527,can,2001,0.74165
2527,can,2002,0.762551
2527,can,2003,0.816133
2527,can,2004,0.784242
2527,can,2005,0.795389
2527,can,2006,0.761951
2527,can,2007,0.726179
2527,cck,1995,0.937366
2527,cck,1996,0.968962
2527,cck,1997,0.96082
2527,cck,1998,0.95888
2527,cck,1999,0.954616
2527,cck,2000,0.954516
2527,cck,2001,0.955211
2527,cck,2002,0.962437
2527,cck,2003,0.952382
2527,cck,2004,0.962647
2527,cck,2005,0.948382
2527,cck,2006,0.972275
2527,cck,2007,0.952188
2527,che,1995,0.748221
2527,che,1996,0.788179
2527,che,1997,0.775992
2527,che,1998,0.744797
2527,che,1999,0.759249
2527,che,2000,0.729092
2527,che,2001,0.756912
2527,che,2002,0.615679
2527,che,2003,0.838077
2527,che,2004,0.815147
2527,che,2005,0.688883
2527,che,2006,0.807071
2527,che,2007,0.822665
2527,chl,1995,0.862635
2527,chl,1996,0.856607
2527,chl,1997,0.835516
2527,chl,1998,0.851503
2527,chl,1999,0.851481
2527,chl,2000,0.866159
2527,chl,2001,0.8508
2527,chl,2002,0.851928
2527,chl,2003,0.862468
2527,chl,2004,0.87456
2527,chl,2005,0.917542
2527,chl,2006,0.857834
2527,chl,2007,0.847116
2527,chn,1995,0.69603
2527,chn,1996,0.509378
2527,chn,1997,0.704117
2527,chn,1998,0.682649
2527,chn,1999,0.658971
2527,chn,2000,0.542762
2527,chn,2001,0.550005
2527,chn,2002,0.682946
2527,chn,2003,0.571417
2527,chn,2004,0.56564
2527,chn,2005,0.687022
2527,chn,2006,0.66293
2527,chn,2007,0.700888
2527,civ,1995,0.91987
2527,civ,1996,0.925535
2527,civ,1997,0.917415
2527,civ,1998,0.923052
2527,civ,1999,0.920986
2527,civ,2000,0.919532
2527,civ,2001,0.909139
2527,civ,2002,0.924625
2527,civ,2003,0.903334
2527,civ,2004,0.908515
2527,civ,2005,0.949486
2527,civ,2006,0.916451
2527,civ,2007,0.941031
2527,cmr,1995,0.952713
2527,cmr,1996,0.957547
2527,cmr,1997,0.956394
2527,cmr,1998,0.967518
2527,cmr,1999,0.965161
2527,cmr,2000,0.966213
2527,cmr,2001,0.963329
2527,cmr,2002,0.951758
2527,cmr,2003,0.935649
2527,cmr,2004,0.949593
2527,cmr,2005,0.976292
2527,cmr,2006,0.959278
2527,cmr,2007,0.95988
2527,cod,1995,0.964932
2527,cod,1996,0.966173
2527,cod,1997,0.966117
2527,cod,1998,0.98098
2527,cod,1999,0.980696
2527,cod,2000,0.981526
2527,cod,2001,0.973684
2527,cod,2002,0.967338
2527,cod,2003,0.959256
2527,cod,2004,0.959011
2527,cod,2005,0.976885
2527,cod,2006,0.949839
2527,cod,2007,0.928542
2527,cog,1995,0.988607
2527,cog,1996,0.991721
2527,cog,1997,0.986116
2527,cog,1998,0.983227
2527,cog,1999,0.981285
2527,cog,2000,0.989254
2527,cog,2001,0.978811
2527,cog,2002,0.972033
2527,cog,2003,0.969771
2527,cog,2004,0.969018
2527,cog,2005,0.986292
2527,cog,2006,0.968759
2527,cog,2007,0.953017
2527,cok,1995,0.93572
2527,cok,1996,0.948651
2527,cok,1997,0.947335
2527,cok,1998,0.946484
2527,cok,1999,0.944081
2527,cok,2000,0.962607
2527,cok,2001,0.964551
2527,cok,2002,0.947521
2527,cok,2003,0.946375
2527,cok,2004,0.966482
2527,cok,2005,0.971132
2527,cok,2006,0.961534
2527,cok,2007,0.960376
2527,col,1995,0.884145
2527,col,1996,0.881618
2527,col,1997,0.893847
2527,col,1998,0.860186
2527,col,1999,0.863104
2527,col,2000,0.856265
2527,col,2001,0.837637
2527,col,2002,0.858636
2527,col,2003,0.837652
2527,col,2004,0.834729
2527,col,2005,0.873872
2527,col,2006,0.810665
2527,col,2007,0.860483
2527,com,1995,0.974352
2527,com,1996,0.980002
2527,com,1997,0.978553
2527,com,1998,0.9804
2527,com,1999,0.976257
2527,com,2000,0.983108
2527,com,2001,0.985407
2527,com,2002,0.987176
2527,com,2003,0.987302
2527,com,2004,0.98328
2527,com,2005,0.983359
2527,com,2006,0.984437
2527,com,2007,0.981129
2527,cpv,1995,0.969373
2527,cpv,1996,0.958904
2527,cpv,1997,0.944008
2527,cpv,1998,0.953076
2527,cpv,1999,0.980754
2527,cpv,2000,0.926492
2527,cpv,2001,0.931126
2527,cpv,2002,0.960783
2527,cpv,2003,0.956017
2527,cpv,2004,0.963911
2527,cpv,2005,0.964512
2527,cpv,2006,0.947318
2527,cpv,2007,0.949833
2527,cri,1995,0.885903
2527,cri,1996,0.877424
2527,cri,1997,0.879774
2527,cri,1998,0.881551
2527,cri,1999,0.904318
2527,cri,2000,0.886297
2527,cri,2001,0.873937
2527,cri,2002,0.902407
2527,cri,2003,0.902301
2527,cri,2004,0.91278
2527,cri,2005,0.926922
2527,cri,2006,0.906948
2527,cri,2007,0.913196
2527,cub,1995,0.953889
2527,cub,1996,0.960164
2527,cub,1997,0.964006
2527,cub,1998,0.95663
2527,cub,1999,0.936531
2527,cub,2000,0.959862
2527,cub,2001,0.954153
2527,cub,2002,0.939402
2527,cub,2003,0.918501
2527,cub,2004,0.929975
2527,cub,2005,0.94123
2527,cub,2006,0.944263
2527,cub,2007,0.945368
2527,cxr,1995,0.982849
2527,cxr,1996,0.98051
2527,cxr,1997,0.985336
2527,cxr,1998,0.994158
2527,cxr,1999,0.991889
2527,cxr,2000,0.979731
2527,cxr,2001,0.98715
2527,cxr,2002,0.981416
2527,cxr,2003,0.975935
2527,cxr,2004,0.978808
2527,cxr,2005,0.980228
2527,cxr,2006,0.974696
2527,cxr,2007,0.961578
2527,cym,1995,0.954615
2527,cym,1996,0.970914
2527,cym,1997,0.972672
2527,cym,1998,0.960607
2527,cym,1999,0.979116
2527,cym,2000,0.986259
2527,cym,2001,0.973235
2527,cym,2002,0.974416
2527,cym,2003,0.986188
2527,cym,2004,0.991808
2527,cym,2005,0.989984
2527,cym,2006,0.997012
2527,cym,2007,0.978432
2527,cyp,1995,0.868043
2527,cyp,1996,0.888156
2527,cyp,1997,0.873415
2527,cyp,1998,0.833164
2527,cyp,1999,0.841679
2527,cyp,2000,0.841949
2527,cyp,2001,0.866531
2527,cyp,2002,0.86736
2527,cyp,2003,0.874024
2527,cyp,2004,0.861731
2527,cyp,2005,0.842772
2527,cyp,2006,0.88634
2527,cyp,2007,0.862106
2527,cze,1995,0.606714
2527,cze,1996,0.606752
2527,cze,1997,0.604941
2527,cze,1998,0.613578
2527,cze,1999,0.615154
2527,cze,2000,0.604021
2527,cze,2001,0.593821
2527,cze,2002,0.717575
2527,cze,2003,0.712925
2527,cze,2004,0.721477
2527,cze,2005,0.641
2527,cze,2006,0.734462
2527,cze,2007,0.761227
2527,deu,1995,0.614723
2527,deu,1996,0.659216
2527,deu,1997,0.592149
2527,deu,1998,0.581614
2527,deu,1999,0.589883
2527,deu,2000,0.597077
2527,deu,2001,0.619245
2527,deu,2002,0.585143
2527,deu,2003,0.748446
2527,deu,2004,0.696695
2527,deu,2005,0.276967
2527,deu,2006,0.625825
2527,deu,2007,0.672727
2527,dji,1995,0.874972
2527,dji,1996,0.949343
2527,dji,1997,0.915126
2527,dji,1998,0.917989
2527,dji,1999,0.919467
2527,dji,2000,0.929865
2527,dji,2001,0.881783
2527,dji,2002,0.90766
2527,dji,2003,0.897929
2527,dji,2004,0.924449
2527,dji,2005,0.907888
2527,dji,2006,0.909144
2527,dji,2007,0.963106
2527,dma,1995,0.918044
2527,dma,1996,0.927505
2527,dma,1997,0.910826
2527,dma,1998,0.918262
2527,dma,1999,0.908994
2527,dma,2000,0.899169
2527,dma,2001,0.908637
2527,dma,2002,0.927048
2527,dma,2003,0.918881
2527,dma,2004,0.919245
2527,dma,2005,0.916455
2527,dma,2006,0.915603
2527,dma,2007,0.919025
2527,dnk,1995,0.760292
2527,dnk,1996,0.809311
2527,dnk,1997,0.612417
2527,dnk,1998,0.708104
2527,dnk,1999,0.651195
2527,dnk,2000,0.657434
2527,dnk,2001,0.689916
2527,dnk,2002,0.775607
2527,dnk,2003,0.815704
2527,dnk,2004,0.849806
2527,dnk,2005,0.768266
2527,dnk,2006,0.802824
2527,dnk,2007,0.821014
2527,dom,1995,0.931278
2527,dom,1996,0.922603
2527,dom,1997,0.941843
2527,dom,1998,0.931062
2527,dom,1999,0.915212
2527,dom,2000,0.917906
2527,dom,2001,0.903275
2527,dom,2002,0.901562
2527,dom,2003,0.852667
2527,dom,2004,0.896338
2527,dom,2005,0.915407
2527,dom,2006,0.869505
2527,dom,2007,0.888088
2527,dza,1995,0.977433
2527,dza,1996,0.975438
2527,dza,1997,0.980224
2527,dza,1998,0.979488
2527,dza,1999,0.98262
2527,dza,2000,0.988706
2527,dza,2001,0.987638
2527,dza,2002,0.982172
2527,dza,2003,0.978764
2527,dza,2004,0.983495
2527,dza,2005,0.985239
2527,dza,2006,0.975939
2527,dza,2007,0.980959
2527,ecu,1995,0.935622
2527,ecu,1996,0.93059
2527,ecu,1997,0.933736
2527,ecu,1998,0.925299
2527,ecu,1999,0.924226
2527,ecu,2000,0.924121
2527,ecu,2001,0.919781
2527,ecu,2002,0.92099
2527,ecu,2003,0.90046
2527,ecu,2004,0.926558
2527,ecu,2005,0.965411
2527,ecu,2006,0.938085
2527,ecu,2007,0.931533
2527,egy,1995,0.825194
2527,egy,1996,0.831161
2527,egy,1997,0.858048
2527,egy,1998,0.812176
2527,egy,1999,0.79178
2527,egy,2000,0.813058
2527,egy,2001,0.787812
2527,egy,2002,0.765583
2527,egy,2003,0.693836
2527,egy,2004,0.818215
2527,egy,2005,0.737779
2527,egy,2006,0.486021
2527,egy,2007,0.771089
2527,eri,1995,0.956331
2527,eri,1996,0.971552
2527,eri,1997,0.971758
2527,eri,1998,0.944201
2527,eri,1999,0.945236
2527,eri,2000,0.94871
2527,eri,2001,0.955015
2527,eri,2002,0.935903
2527,eri,2003,0.926249
2527,eri,2004,0.931579
2527,eri,2005,0.952745
2527,eri,2006,0.931133
2527,eri,2007,0.971669
2527,esh,1995,0.994648
2527,esh,1996,0.991101
2527,esh,1997,0.986026
2527,esh,1998,0.988346
2527,esh,1999,0.982238
2527,esh,2000,0.972779
2527,esh,2001,0.979227
2527,esh,2002,0.99195
2527,esh,2003,0.976497
2527,esh,2004,0.995929
2527,esh,2005,0.987674
2527,esh,2006,0.994159
2527,esh,2007,0.983523
2527,esp,1995,0.692392
2527,esp,1996,0.694866
2527,esp,1997,0.658167
2527,esp,1998,0.551512
2527,esp,1999,0.614946
2527,esp,2000,0.600807
2527,esp,2001,0.618106
2527,esp,2002,0.656433
2527,esp,2003,0.666354
2527,esp,2004,0.66601
2527,esp,2005,0.640006
2527,esp,2006,0.592535
2527,esp,2007,0.647399
2527,est,1995,0.791822
2527,est,1996,0.787953
2527,est,1997,0.70537
2527,est,1998,0.729359
2527,est,1999,0.7664
2527,est,2000,0.837821
2527,est,2001,0.783149
2527,est,2002,0.834993
2527,est,2003,0.815315
2527,est,2004,0.797649
2527,est,2005,0.819981
2527,est,2006,0.807548
2527,est,2007,0.752078
2527,eth,1995,0.970499
2527,eth,1996,0.972986
2527,eth,1997,0.967149
2527,eth,1998,0.956674
2527,eth,1999,0.94865
2527,eth,2000,0.946996
2527,eth,2001,0.932653
2527,eth,2002,0.926998
2527,eth,2003,0.877585
2527,eth,2004,0.919812
2527,eth,2005,0.947171
2527,eth,2006,0.902917
2527,eth,2007,0.905782
2527,fin,1995,0.807342
2527,fin,1996,0.820491
2527,fin,1997,0.749347
2527,fin,1998,0.788138
2527,fin,1999,0.786499
2527,fin,2000,0.813621
2527,fin,2001,0.821236
2527,fin,2002,0.80526
2527,fin,2003,0.862413
2527,fin,2004,0.829707
2527,fin,2005,0.776712
2527,fin,2006,0.812663
2527,fin,2007,0.801658
2527,fji,1995,0.942322
2527,fji,1996,0.938269
2527,fji,1997,0.943929
2527,fji,1998,0.936137
2527,fji,1999,0.93126
2527,fji,2000,0.898996
2527,fji,2001,0.929737
2527,fji,2002,0.904549
2527,fji,2003,0.857271
2527,fji,2004,0.883159
2527,fji,2005,0.924653
2527,fji,2006,0.873989
2527,fji,2007,0.894311
2527,flk,1995,0.978362
2527,flk,1996,0.979059
2527,flk,1997,0.976921
2527,flk,1998,0.976814
2527,flk,1999,0.971298
2527,flk,2000,0.981847
2527,flk,2001,0.985581
2527,flk,2002,0.992087
2527,flk,2003,0.992518
2527,flk,2004,0.99
2527,flk,2005,0.996531
2527,flk,2006,0.993211
2527,flk,2007,0.981677
2527,fra,1995,0.5888
2527,fra,1996,0.635647
2527,fra,1997,0.595382
2527,fra,1998,0.584785
2527,fra,1999,0.585535
2527,fra,2000,0.589406
2527,fra,2001,0.625009
2527,fra,2002,0.635358
2527,fra,2003,0.701454
2527,fra,2004,0.682022
2527,fra,2005,0.559121
2527,fra,2006,0.612301
2527,fra,2007,0.680491
2527,fro,1995,0.979976
2527,fro,1996,0.976793
2527,fro,1997,0.97266
2527,fro,1998,0.980066
2527,fro,1999,0.977038
2527,fro,2000,0.971334
2527,fro,2001,0.979969
2527,fro,2002,0.971761
2527,fro,2003,0.972639
2527,fro,2004,0.981769
2527,fro,2005,0.993775
2527,fro,2006,0.986983
2527,fro,2007,0.963861
2527,fsm,1995,0.986365
2527,fsm,1996,0.975623
2527,fsm,1997,0.981269
2527,fsm,1998,0.984983
2527,fsm,1999,0.982097
2527,fsm,2000,0.980744
2527,fsm,2001,0.984004
2527,fsm,2002,0.98529
2527,fsm,2003,0.971539
2527,fsm,2004,0.971875
2527,fsm,2005,0.995201
2527,fsm,2006,0.985516
2527,fsm,2007,0.982525
2527,gab,1995,0.99016
2527,gab,1996,0.986827
2527,gab,1997,0.990236
2527,gab,1998,0.984973
2527,gab,1999,0.979715
2527,gab,2000,0.989015
2527,gab,2001,0.985694
2527,gab,2002,0.98653
2527,gab,2003,0.984329
2527,gab,2004,0.97806
2527,gab,2005,0.988645
2527,gab,2006,0.982414
2527,gab,2007,0.990307
2527,gbr,1995,0.645319
2527,gbr,1996,0.709092
2527,gbr,1997,0.626377
2527,gbr,1998,0.622408
2527,gbr,1999,0.672572
2527,gbr,2000,0.697237
2527,gbr,2001,0.711072
2527,gbr,2002,0.702057
2527,gbr,2003,0.760066
2527,gbr,2004,0.715921
2527,gbr,2005,0.602769
2527,gbr,2006,0.71156
2527,gbr,2007,0.667244
2527,geo,1995,0.917519
2527,geo,1996,0.878369
2527,geo,1997,0.883291
2527,geo,1998,0.877689
2527,geo,1999,0.897627
2527,geo,2000,0.901484
2527,geo,2001,0.90836
2527,geo,2002,0.905401
2527,geo,2003,0.933704
2527,geo,2004,0.933621
2527,geo,2005,0.92324
2527,geo,2006,0.905955
2527,geo,2007,0.891063
2527,gha,1995,0.964443
2527,gha,1996,0.94071
2527,gha,1997,0.938848
2527,gha,1998,0.943559
2527,gha,1999,0.929869
2527,gha,2000,0.936931
2527,gha,2001,0.926528
2527,gha,2002,0.938582
2527,gha,2003,0.878977
2527,gha,2004,0.910752
2527,gha,2005,0.951983
2527,gha,2006,0.915708
2527,gha,2007,0.893139
2527,gib,1995,0.943004
2527,gib,1996,0.954304
2527,gib,1997,0.949625
2527,gib,1998,0.946718
2527,gib,1999,0.931969
2527,gib,2000,0.945833
2527,gib,2001,0.957323
2527,gib,2002,0.945989
2527,gib,2003,0.96608
2527,gib,2004,0.970563
2527,gib,2005,0.974149
2527,gib,2006,0.968385
2527,gib,2007,0.963849
2527,gin,1995,0.975183
2527,gin,1996,0.973098
2527,gin,1997,0.970804
2527,gin,1998,0.981279
2527,gin,1999,0.979876
2527,gin,2000,0.977554
2527,gin,2001,0.970862
2527,gin,2002,0.968141
2527,gin,2003,0.958581
2527,gin,2004,0.956042
2527,gin,2005,0.986738
2527,gin,2006,0.975593
2527,gin,2007,0.969545
2527,glp,1995,0.935644
2527,gmb,1995,0.971469
2527,gmb,1996,0.980539
2527,gmb,1997,0.974117
2527,gmb,1998,0.968217
2527,gmb,1999,0.960984
2527,gmb,2000,0.944663
2527,gmb,2001,0.933591
2527,gmb,2002,0.915647
2527,gmb,2003,0.914443
2527,gmb,2004,0.920343
2527,gmb,2005,0.934825
2527,gmb,2006,0.949271
2527,gmb,2007,0.939813
2527,gnb,1995,0.987466
2527,gnb,1996,0.988503
2527,gnb,1997,0.983951
2527,gnb,1998,0.987057
2527,gnb,1999,0.984527
2527,gnb,2000,0.986233
2527,gnb,2001,0.989605
2527,gnb,2002,0.973151
2527,gnb,2003,0.957188
2527,gnb,2004,0.960977
2527,gnb,2005,0.971367
2527,gnb,2006,0.981487
2527,gnb,2007,0.976923
2527,gnq,1995,0.991031
2527,gnq,1996,0.990873
2527,gnq,1997,0.99355
2527,gnq,1998,0.994274
2527,gnq,1999,0.990474
2527,gnq,2000,0.993928
2527,gnq,2001,0.995453
2527,gnq,2002,0.99318
2527,gnq,2003,0.994911
2527,gnq,2004,0.993247
2527,gnq,2005,0.997305
2527,gnq,2006,0.995541
2527,gnq,2007,0.991188
2527,grc,1995,0.817664
2527,grc,1996,0.799115
2527,grc,1997,0.782199
2527,grc,1998,0.725525
2527,grc,1999,0.75543
2527,grc,2000,0.758855
2527,grc,2001,0.766451
2527,grc,2002,0.783663
2527,grc,2003,0.766189
2527,grc,2004,0.770126
2527,grc,2005,0.768561
2527,grc,2006,0.714621
2527,grc,2007,0.775884
2527,grd,1995,0.958698
2527,grd,1996,0.958093
2527,grd,1997,0.957136
2527,grd,1998,0.966297
2527,grd,1999,0.955422
2527,grd,2000,0.950489
2527,grd,2001,0.945477
2527,grd,2002,0.960118
2527,grd,2003,0.941033
2527,grd,2004,0.95882
2527,grd,2005,0.961183
2527,grd,2006,0.952235
2527,grd,2007,0.966914
2527,grl,1995,0.984752
2527,grl,1996,0.984841
2527,grl,1997,0.979173
2527,grl,1998,0.980571
2527,grl,1999,0.977734
2527,grl,2000,0.974093
2527,grl,2001,0.972679
2527,grl,2002,0.976072
2527,grl,2003,0.979759
2527,grl,2004,0.971954
2527,grl,2005,0.99099
2527,grl,2006,0.983196
2527,grl,2007,0.971004
2527,gtm,1995,0.814802
2527,gtm,1996,0.863921
2527,gtm,1997,0.871288
2527,gtm,1998,0.850058
2527,gtm,1999,0.853616
2527,gtm,2000,0.852499
2527,gtm,2001,0.848165
2527,gtm,2002,0.882909
2527,gtm,2003,0.831319
2527,gtm,2004,0.861524
2527,gtm,2005,0.884083
2527,gtm,2006,0.804393
2527,gtm,2007,0.862831
2527,guf,1995,0.957629
2527,guy,1995,0.966555
2527,guy,1996,0.963546
2527,guy,1997,0.955956
2527,guy,1998,0.955485
2527,guy,1999,0.954429
2527,guy,2000,0.956433
2527,guy,2001,0.948722
2527,guy,2002,0.943561
2527,guy,2003,0.913419
2527,guy,2004,0.933492
2527,guy,2005,0.95929
2527,guy,2006,0.921459
2527,guy,2007,0.943841
2527,hkg,1995,0.75269
2527,hkg,1996,0.652021
2527,hkg,1997,0.772775
2527,hkg,1998,0.77485
2527,hkg,1999,0.753573
2527,hkg,2000,0.695484
2527,hkg,2001,0.70912
2527,hkg,2002,0.773855
2527,hkg,2003,0.730626
2527,hkg,2004,0.709841
2527,hkg,2005,0.837222
2527,hkg,2006,0.850969
2527,hkg,2007,0.870495
2527,hnd,1995,0.896616
2527,hnd,1996,0.896584
2527,hnd,1997,0.901542
2527,hnd,1998,0.891254
2527,hnd,1999,0.894383
2527,hnd,2000,0.909239
2527,hnd,2001,0.901747
2527,hnd,2002,0.919776
2527,hnd,2003,0.867484
2527,hnd,2004,0.869606
2527,hnd,2005,0.930315
2527,hnd,2006,0.871254
2527,hnd,2007,0.883511
2527,hrv,1995,0.761836
2527,hrv,1996,0.809473
2527,hrv,1997,0.777827
2527,hrv,1998,0.77888
2527,hrv,1999,0.771953
2527,hrv,2000,0.773415
2527,hrv,2001,0.797609
2527,hrv,2002,0.834187
2527,hrv,2003,0.790195
2527,hrv,2004,0.821613
2527,hrv,2005,0.808741
2527,hrv,2006,0.823296
2527,hrv,2007,0.841389
2527,hti,1995,0.930266
2527,hti,1996,0.922965
2527,hti,1997,0.947791
2527,hti,1998,0.944947
2527,hti,1999,0.944763
2527,hti,2000,0.932483
2527,hti,2001,0.937333
2527,hti,2002,0.945817
2527,hti,2003,0.900449
2527,hti,2004,0.939468
2527,hti,2005,0.973936
2527,hti,2006,0.954945
2527,hti,2007,0.95083
2527,hun,1995,0.619609
2527,hun,1996,0.73135
2527,hun,1997,0.754851
2527,hun,1998,0.738566
2527,hun,1999,0.676623
2527,hun,2000,0.745571
2527,hun,2001,0.761716
2527,hun,2002,0.812681
2527,hun,2003,0.803338
2527,hun,2004,0.815561
2527,hun,2005,0.810157
2527,hun,2006,0.817311
2527,hun,2007,0.84577
2527,idn,1995,0.748231
2527,idn,1996,0.693303
2527,idn,1997,0.837735
2527,idn,1998,0.800254
2527,idn,1999,0.70238
2527,idn,2000,0.690065
2527,idn,2001,0.699129
2527,idn,2002,0.686806
2527,idn,2003,0.523119
2527,idn,2004,0.404443
2527,idn,2005,0.841852
2527,idn,2006,0.793697
2527,idn,2007,0.808393
2527,ind,1995,0.7451
2527,ind,1996,0.686386
2527,ind,1997,0.711698
2527,ind,1998,0.643047
2527,ind,1999,0.698784
2527,ind,2000,0.665045
2527,ind,2001,0.66917
2527,ind,2002,0.672198
2527,ind,2003,0.581914
2527,ind,2004,0.649569
2527,ind,2005,0.695094
2527,ind,2006,0.615204
2527,ind,2007,0.666663
2527,iot,1995,0.983631
2527,iot,1996,0.976346
2527,iot,1997,0.988366
2527,iot,1998,0.979284
2527,iot,1999,0.982114
2527,iot,2000,0.979167
2527,iot,2001,0.988065
2527,iot,2002,0.978301
2527,iot,2003,0.943102
2527,iot,2004,0.942161
2527,iot,2005,0.95356
2527,iot,2006,0.969026
2527,iot,2007,0.96729
2527,irl,1995,0.84294
2527,irl,1996,0.863834
2527,irl,1997,0.846153
2527,irl,1998,0.856064
2527,irl,1999,0.87727
2527,irl,2000,0.889001
2527,irl,2001,0.912248
2527,irl,2002,0.905334
2527,irl,2003,0.936996
2527,irl,2004,0.930097
2527,irl,2005,0.918702
2527,irl,2006,0.946389
2527,irl,2007,0.938601
2527,irn,1995,0.967633
2527,irn,1996,0.95913
2527,irn,1997,0.95914
2527,irn,1998,0.944881
2527,irn,1999,0.940009
2527,irn,2000,0.952927
2527,irn,2001,0.940535
2527,irn,2002,0.937539
2527,irn,2003,0.922836
2527,irn,2004,0.937654
2527,irn,2005,0.948849
2527,irn,2006,0.893623
2527,irn,2007,0.938825
2527,irq,1995,0.990318
2527,irq,1996,0.969736
2527,irq,1997,0.999221
2527,irq,1998,0.99905
2527,irq,1999,0.999391
2527,irq,2000,0.99883
2527,irq,2001,0.996817
2527,irq,2002,0.996759
2527,irq,2003,0.987958
2527,irq,2004,0.989789
2527,irq,2005,0.995026
2527,irq,2006,0.99579
2527,irq,2007,0.996866
2527,isl,1995,0.942912
2527,isl,1996,0.950494
2527,isl,1997,0.930172
2527,isl,1998,0.940257
2527,isl,1999,0.930716
2527,isl,2000,0.93754
2527,isl,2001,0.928162
2527,isl,2002,0.923779
2527,isl,2003,0.93954
2527,isl,2004,0.92852
2527,isl,2005,0.95453
2527,isl,2006,0.939393
2527,isl,2007,0.933947
2527,isr,1995,0.806599
2527,isr,1996,0.835138
2527,isr,1997,0.840605
2527,isr,1998,0.825412
2527,isr,1999,0.841113
2527,isr,2000,0.863223
2527,isr,2001,0.861618
2527,isr,2002,0.860053
2527,isr,2003,0.855095
2527,isr,2004,0.87356
2527,isr,2005,0.834275
2527,isr,2006,0.844338
2527,isr,2007,0.880502
2527,ita,1995,0.686964
2527,ita,1996,0.648003
2527,ita,1997,0.63388
2527,ita,1998,0.598321
2527,ita,1999,0.600581
2527,ita,2000,0.561091
2527,ita,2001,0.60332
2527,ita,2002,0.654732
2527,ita,2003,0.665833
2527,ita,2004,0.696707
2527,ita,2005,0.581982
2527,ita,2006,0.651509
2527,ita,2007,0.688842
2527,jam,1995,0.935225
2527,jam,1996,0.935425
2527,jam,1997,0.933992
2527,jam,1998,0.934361
2527,jam,1999,0.934916
2527,jam,2000,0.931975
2527,jam,2001,0.936935
2527,jam,2002,0.939645
2527,jam,2003,0.916989
2527,jam,2004,0.948182
2527,jam,2005,0.962783
2527,jam,2006,0.921287
2527,jam,2007,0.953501
2527,jor,1995,0.872868
2527,jor,1996,0.91186
2527,jor,1997,0.900172
2527,jor,1998,0.890043
2527,jor,1999,0.827854
2527,jor,2000,0.823076
2527,jor,2001,0.82699
2527,jor,2002,0.870169
2527,jor,2003,0.830786
2527,jor,2004,0.852941
2527,jor,2005,0.84553
2527,jor,2006,0.801638
2527,jor,2007,0.845898
2527,jpn,1995,0.79131
2527,jpn,1996,0.804452
2527,jpn,1997,0.817384
2527,jpn,1998,0.817621
2527,jpn,1999,0.806337
2527,jpn,2000,0.783746
2527,jpn,2001,0.767155
2527,jpn,2002,0.757901
2527,jpn,2003,0.83216
2527,jpn,2004,0.78406
2527,jpn,2005,0.665299
2527,jpn,2006,0.790955
2527,jpn,2007,0.805187
2527,kaz,1995,0.897656
2527,kaz,1996,0.838431
2527,kaz,1997,0.867637
2527,kaz,1998,0.898668
2527,kaz,1999,0.914848
2527,kaz,2000,0.938036
2527,kaz,2001,0.91449
2527,kaz,2002,0.933056
2527,kaz,2003,0.92525
2527,kaz,2004,0.910235
2527,kaz,2005,0.933166
2527,kaz,2006,0.890977
2527,kaz,2007,0.854565
2527,ken,1995,0.866085
2527,ken,1996,0.87878
2527,ken,1997,0.851223
2527,ken,1998,0.845943
2527,ken,1999,0.830538
2527,ken,2000,0.868748
2527,ken,2001,0.83778
2527,ken,2002,0.848838
2527,ken,2003,0.776472
2527,ken,2004,0.790627
2527,ken,2005,0.842014
2527,ken,2006,0.771284
2527,ken,2007,0.755684
2527,kgz,1995,0.889336
2527,kgz,1996,0.837683
2527,kgz,1997,0.89877
2527,kgz,1998,0.912106
2527,kgz,1999,0.906135
2527,kgz,2000,0.888466
2527,kgz,2001,0.893669
2527,kgz,2002,0.882795
2527,kgz,2003,0.859116
2527,kgz,2004,0.89033
2527,kgz,2005,0.897472
2527,kgz,2006,0.843054
2527,kgz,2007,0.865573
2527,khm,1995,0.962431
2527,khm,1996,0.948783
2527,khm,1997,0.962253
2527,khm,1998,0.964776
2527,khm,1999,0.952756
2527,khm,2000,0.948983
2527,khm,2001,0.946573
2527,khm,2002,0.960629
2527,khm,2003,0.921032
2527,khm,2004,0.940633
2527,khm,2005,0.975473
2527,khm,2006,0.958973
2527,khm,2007,0.96108
2527,kir,1995,0.974016
2527,kir,1996,0.975888
2527,kir,1997,0.988479
2527,kir,1998,0.983137
2527,kir,1999,0.97878
2527,kir,2000,0.986612
2527,kir,2001,0.982567
2527,kir,2002,0.983683
2527,kir,2003,0.982609
2527,kir,2004,0.969125
2527,kir,2005,0.974635
2527,kir,2006,0.981861
2527,kir,2007,0.980865
2527,kna,1995,0.967499
2527,kna,1996,0.977442
2527,kna,1997,0.971123
2527,kna,1998,0.975588
2527,kna,1999,0.968716
2527,kna,2000,0.970417
2527,kna,2001,0.957683
2527,kna,2002,0.961254
2527,kna,2003,0.960679
2527,kna,2004,0.960289
2527,kna,2005,0.978721
2527,kna,2006,0.980653
2527,kna,2007,0.978597
2527,kor,1995,0.821829
2527,kor,1996,0.774245
2527,kor,1997,0.825339
2527,kor,1998,0.801375
2527,kor,1999,0.795468
2527,kor,2000,0.774607
2527,kor,2001,0.76136
2527,kor,2002,0.827967
2527,kor,2003,0.811197
2527,kor,2004,0.784959
2527,kor,2005,0.815939
2527,kor,2006,0.832216
2527,kor,2007,0.863869
2527,kwt,1995,0.983159
2527,kwt,1996,0.988267
2527,kwt,1997,0.990335
2527,kwt,1998,0.97771
2527,kwt,1999,0.984061
2527,kwt,2000,0.989471
2527,kwt,2001,0.988815
2527,kwt,2002,0.988491
2527,kwt,2003,0.988075
2527,kwt,2004,0.982068
2527,kwt,2005,0.985178
2527,kwt,2006,0.972821
2527,kwt,2007,0.986426
2527,lao,1995,0.955583
2527,lao,1996,0.952886
2527,lao,1997,0.934727
2527,lao,1998,0.951961
2527,lao,1999,0.938237
2527,lao,2000,0.953592
2527,lao,2001,0.943943
2527,lao,2002,0.957367
2527,lao,2003,0.90586
2527,lao,2004,0.909413
2527,lao,2005,0.964424
2527,lao,2006,0.933485
2527,lao,2007,0.926121
2527,lbn,1995,0.859475
2527,lbn,1996,0.884896
2527,lbn,1997,0.837162
2527,lbn,1998,0.790677
2527,lbn,1999,0.813399
2527,lbn,2000,0.80648
2527,lbn,2001,0.805591
2527,lbn,2002,0.778389
2527,lbn,2003,0.787994
2527,lbn,2004,0.791953
2527,lbn,2005,0.788507
2527,lbn,2006,0.712552
2527,lbn,2007,0.736808
2527,lbr,1995,0.992036
2527,lbr,1996,0.992229
2527,lbr,1997,0.987759
2527,lbr,1998,0.990894
2527,lbr,1999,0.983815
2527,lbr,2000,0.990576
2527,lbr,2001,0.987797
2527,lbr,2002,0.983333
2527,lbr,2003,0.991005
2527,lbr,2004,0.985998
2527,lbr,2005,0.990652
2527,lbr,2006,0.987864
2527,lbr,2007,0.991354
2527,lby,1995,0.981242
2527,lby,1996,0.988395
2527,lby,1997,0.988536
2527,lby,1998,0.984415
2527,lby,1999,0.980274
2527,lby,2000,0.989013
2527,lby,2001,0.988313
2527,lby,2002,0.9878
2527,lby,2003,0.980935
2527,lby,2004,0.984412
2527,lby,2005,0.987467
2527,lby,2006,0.976473
2527,lby,2007,0.974811
2527,lca,1995,0.950383
2527,lca,1996,0.957413
2527,lca,1997,0.960498
2527,lca,1998,0.966775
2527,lca,1999,0.954573
2527,lca,2000,0.953317
2527,lca,2001,0.955061
2527,lca,2002,0.950384
2527,lca,2003,0.928441
2527,lca,2004,0.950982
2527,lca,2005,0.98092
2527,lca,2006,0.973037
2527,lca,2007,0.970995
2527,lka,1995,0.890957
2527,lka,1996,0.849584
2527,lka,1997,0.900481
2527,lka,1998,0.889338
2527,lka,1999,0.870016
2527,lka,2000,0.864725
2527,lka,2001,0.848912
2527,lka,2002,0.873148
2527,lka,2003,0.778248
2527,lka,2004,0.82269
2527,lka,2005,0.905767
2527,lka,2006,0.856444
2527,lka,2007,0.869918
2527,ltu,1995,0.77899
2527,ltu,1996,0.787581
2527,ltu,1997,0.754006
2527,ltu,1998,0.778827
2527,ltu,1999,0.783116
2527,ltu,2000,0.807242
2527,ltu,2001,0.829233
2527,ltu,2002,0.863984
2527,ltu,2003,0.848589
2527,ltu,2004,0.864126
2527,ltu,2005,0.846193
2527,ltu,2006,0.789328
2527,ltu,2007,0.828457
2527,lva,1995,0.856487
2527,lva,1996,0.850784
2527,lva,1997,0.825657
2527,lva,1998,0.817543
2527,lva,1999,0.818534
2527,lva,2000,0.847301
2527,lva,2001,0.839664
2527,lva,2002,0.854509
2527,lva,2003,0.833959
2527,lva,2004,0.843941
2527,lva,2005,0.844598
2527,lva,2006,0.823842
2527,lva,2007,0.822046
2527,mac,1995,0.92078
2527,mac,1996,0.90063
2527,mac,1997,0.935251
2527,mac,1998,0.922715
2527,mac,1999,0.930968
2527,mac,2000,0.922336
2527,mac,2001,0.930899
2527,mac,2002,0.955604
2527,mac,2003,0.91442
2527,mac,2004,0.926423
2527,mac,2005,0.960135
2527,mac,2006,0.937694
2527,mac,2007,0.939014
2527,mar,1995,0.883405
2527,mar,1996,0.861616
2527,mar,1997,0.879873
2527,mar,1998,0.862991
2527,mar,1999,0.847542
2527,mar,2000,0.861282
2527,mar,2001,0.879172
2527,mar,2002,0.882216
2527,mar,2003,0.831703
2527,mar,2004,0.871841
2527,mar,2005,0.908137
2527,mar,2006,0.830048
2527,mar,2007,0.849935
2527,mda,1995,0.856475
2527,mda,1996,0.881154
2527,mda,1997,0.899845
2527,mda,1998,0.876135
2527,mda,1999,0.864225
2527,mda,2000,0.874011
2527,mda,2001,0.887495
2527,mda,2002,0.895393
2527,mda,2003,0.887481
2527,mda,2004,0.90451
2527,mda,2005,0.899865
2527,mda,2006,0.882776
2527,mda,2007,0.886723
2527,mdg,1995,0.905326
2527,mdg,1996,0.885584
2527,mdg,1997,0.912883
2527,mdg,1998,0.918656
2527,mdg,1999,0.895782
2527,mdg,2000,0.887537
2527,mdg,2001,0.90345
2527,mdg,2002,0.890765
2527,mdg,2003,0.845682
2527,mdg,2004,0.885834
2527,mdg,2005,0.935485
2527,mdg,2006,0.896365
2527,mdg,2007,0.883075
2527,mdv,1995,0.978174
2527,mdv,1996,0.964941
2527,mdv,1997,0.97843
2527,mdv,1998,0.97524
2527,mdv,1999,0.956984
2527,mdv,2000,0.96758
2527,mdv,2001,0.971157
2527,mdv,2002,0.973837
2527,mdv,2003,0.963062
2527,mdv,2004,0.967662
2527,mdv,2005,0.970801
2527,mdv,2006,0.977876
2527,mdv,2007,0.980704
2527,mex,1995,0.79753
2527,mex,1996,0.791782
2527,mex,1997,0.803044
2527,mex,1998,0.809865
2527,mex,1999,0.805723
2527,mex,2000,0.823184
2527,mex,2001,0.823372
2527,mex,2002,0.867896
2527,mex,2003,0.853126
2527,mex,2004,0.842296
2527,mex,2005,0.830888
2527,mex,2006,0.868749
2527,mex,2007,0.871708
2527,mhl,1995,0.986478
2527,mhl,1996,0.981788
2527,mhl,1997,0.986691
2527,mhl,1998,0.988639
2527,mhl,1999,0.982927
2527,mhl,2000,0.976719
2527,mhl,2001,0.98446
2527,mhl,2002,0.992274
2527,mhl,2003,0.984565
2527,mhl,2004,0.990433
2527,mhl,2005,0.996149
2527,mhl,2006,0.989811
2527,mhl,2007,0.986428
2527,mkd,1995,0.821903
2527,mkd,1996,0.799261
2527,mkd,1997,0.826961
2527,mkd,1998,0.79774
2527,mkd,1999,0.817593
2527,mkd,2000,0.829784
2527,mkd,2001,0.838212
2527,mkd,2002,0.857202
2527,mkd,2003,0.826591
2527,mkd,2004,0.852244
2527,mkd,2005,0.874184
2527,mkd,2006,0.803266
2527,mkd,2007,0.819011
2527,mli,1995,0.954857
2527,mli,1996,0.959057
2527,mli,1997,0.971666
2527,mli,1998,0.960071
2527,mli,1999,0.961721
2527,mli,2000,0.930786
2527,mli,2001,0.950659
2527,mli,2002,0.956165
2527,mli,2003,0.942561
2527,mli,2004,0.952538
2527,mli,2005,0.967979
2527,mli,2006,0.924132
2527,mli,2007,0.92708
2527,mlt,1995,0.938443
2527,mlt,1996,0.921258
2527,mlt,1997,0.929409
2527,mlt,1998,0.948039
2527,mlt,1999,0.939709
2527,mlt,2000,0.944084
2527,mlt,2001,0.938118
2527,mlt,2002,0.951503
2527,mlt,2003,0.964873
2527,mlt,2004,0.950902
2527,mlt,2005,0.945786
2527,mlt,2006,0.96993
2527,mlt,2007,0.963191
2527,mmr,1995,0.92707
2527,mmr,1996,0.913353
2527,mmr,1997,0.931602
2527,mmr,1998,0.922728
2527,mmr,1999,0.910572
2527,mmr,2000,0.918746
2527,mmr,2001,0.921295
2527,mmr,2002,0.933113
2527,mmr,2003,0.880962
2527,mmr,2004,0.869821
2527,mmr,2005,0.961876
2527,mmr,2006,0.9251
2527,mmr,2007,0.943424
2527,mng,1995,0.957917
2527,mng,1996,0.956191
2527,mng,1997,0.934377
2527,mng,1998,0.929056
2527,mng,1999,0.916838
2527,mng,2000,0.921981
2527,mng,2001,0.9297
2527,mng,2002,0.933905
2527,mng,2003,0.912247
2527,mng,2004,0.928447
2527,mng,2005,0.955454
2527,mng,2006,0.927044
2527,mng,2007,0.903902
2527,mnp,1995,0.969898
2527,mnp,1996,0.970895
2527,mnp,1997,0.985205
2527,mnp,1998,0.980842
2527,mnp,1999,0.973733
2527,mnp,2000,0.960046
2527,mnp,2001,0.963173
2527,mnp,2002,0.967901
2527,mnp,2003,0.930775
2527,mnp,2004,0.946707
2527,mnp,2005,0.966154
2527,mnp,2006,0.948512
2527,mnp,2007,0.945059
2527,moz,1995,0.942849
2527,moz,1996,0.947228
2527,moz,1997,0.939031
2527,moz,1998,0.947057
2527,moz,1999,0.919864
2527,moz,2000,0.916907
2527,moz,2001,0.953076
2527,moz,2002,0.947485
2527,moz,2003,0.942992
2527,moz,2004,0.945886
2527,moz,2005,0.972566
2527,moz,2006,0.936765
2527,moz,2007,0.930673
2527,mrt,1995,0.992097
2527,mrt,1996,0.982642
2527,mrt,1997,0.983076
2527,mrt,1998,0.985889
2527,mrt,1999,0.982423
2527,mrt,2000,0.98375
2527,mrt,2001,0.980174
2527,mrt,2002,0.977352
2527,mrt,2003,0.977572
2527,mrt,2004,0.980227
2527,mrt,2005,0.992995
2527,mrt,2006,0.979037
2527,mrt,2007,0.976763
2527,msr,1995,0.975
2527,msr,1996,0.985718
2527,msr,1997,0.96597
2527,msr,1998,0.962256
2527,msr,1999,0.939895
2527,msr,2000,0.944762
2527,msr,2001,0.964747
2527,msr,2002,0.965269
2527,msr,2003,0.944189
2527,msr,2004,0.938599
2527,msr,2005,0.96146
2527,msr,2006,0.945508
2527,msr,2007,0.966516
2527,mtq,1995,0.94844
2527,mus,1995,0.921938
2527,mus,1996,0.920197
2527,mus,1997,0.9399
2527,mus,1998,0.924513
2527,mus,1999,0.914655
2527,mus,2000,0.909838
2527,mus,2001,0.900578
2527,mus,2002,0.897866
2527,mus,2003,0.867486
2527,mus,2004,0.89335
2527,mus,2005,0.929228
2527,mus,2006,0.889331
2527,mus,2007,0.882027
2527,mwi,1995,0.929836
2527,mwi,1996,0.9446
2527,mwi,1997,0.95676
2527,mwi,1998,0.963531
2527,mwi,1999,0.95488
2527,mwi,2000,0.948447
2527,mwi,2001,0.953352
2527,mwi,2002,0.962665
2527,mwi,2003,0.943396
2527,mwi,2004,0.954512
2527,mwi,2005,0.973906
2527,mwi,2006,0.933407
2527,mwi,2007,0.958745
2527,mys,1995,0.862506
2527,mys,1996,0.835571
2527,mys,1997,0.88362
2527,mys,1998,0.886016
2527,mys,1999,0.866352
2527,mys,2000,0.86662
2527,mys,2001,0.830585
2527,mys,2002,0.864191
2527,mys,2003,0.833826
2527,mys,2004,0.807544
2527,mys,2005,0.905884
2527,mys,2006,0.878131
2527,mys,2007,0.87877
2527,ncl,1995,0.980877
2527,ncl,1996,0.983486
2527,ncl,1997,0.979849
2527,ncl,1998,0.98535
2527,ncl,1999,0.972709
2527,ncl,2000,0.980677
2527,ncl,2001,0.980966
2527,ncl,2002,0.976243
2527,ncl,2003,0.97179
2527,ncl,2004,0.967279
2527,ncl,2005,0.979977
2527,ncl,2006,0.968013
2527,ncl,2007,0.954595
2527,ner,1995,0.963702
2527,ner,1996,0.954759
2527,ner,1997,0.976104
2527,ner,1998,0.976752
2527,ner,1999,0.97831
2527,ner,2000,0.949835
2527,ner,2001,0.942898
2527,ner,2002,0.907621
2527,ner,2003,0.917148
2527,ner,2004,0.962432
2527,ner,2005,0.961625
2527,ner,2006,0.943655
2527,ner,2007,0.926689
2527,nfk,1995,0.996931
2527,nfk,1996,0.984331
2527,nfk,1997,0.968594
2527,nfk,1998,0.981619
2527,nfk,1999,0.980099
2527,nfk,2000,0.977198
2527,nfk,2001,0.98013
2527,nfk,2002,0.976623
2527,nfk,2003,0.973619
2527,nfk,2004,0.982245
2527,nfk,2005,0.979925
2527,nfk,2006,0.986143
2527,nfk,2007,0.979056
2527,nga,1995,0.976383
2527,nga,1996,0.971815
2527,nga,1997,0.974679
2527,nga,1998,0.969645
2527,nga,1999,0.972127
2527,nga,2000,0.982829
2527,nga,2001,0.978961
2527,nga,2002,0.976402
2527,nga,2003,0.970347
2527,nga,2004,0.968215
2527,nga,2005,0.989761
2527,nga,2006,0.97404
2527,nga,2007,0.959943
2527,nic,1995,0.906027
2527,nic,1996,0.919748
2527,nic,1997,0.913184
2527,nic,1998,0.915826
2527,nic,1999,0.917929
2527,nic,2000,0.911225
2527,nic,2001,0.915717
2527,nic,2002,0.912075
2527,nic,2003,0.894862
2527,nic,2004,0.926946
2527,nic,2005,0.949702
2527,nic,2006,0.9109
2527,nic,2007,0.899458
2527,niu,1995,0.970275
2527,niu,1996,0.97535
2527,niu,1997,0.975187
2527,niu,1998,0.981984
2527,niu,1999,0.970128
2527,niu,2000,0.951233
2527,niu,2001,0.950391
2527,niu,2002,0.976819
2527,niu,2003,0.97349
2527,niu,2004,0.965271
2527,niu,2005,0.975482
2527,niu,2006,0.977511
2527,niu,2007,0.981402
2527,nld,1995,0.653727
2527,nld,1996,0.715782
2527,nld,1997,0.651633
2527,nld,1998,0.579857
2527,nld,1999,0.657994
2527,nld,2000,0.684505
2527,nld,2001,0.706225
2527,nld,2002,0.681725
2527,nld,2003,0.719947
2527,nld,2004,0.726642
2527,nld,2005,0.645445
2527,nld,2006,0.630431
2527,nld,2007,0.720445
2527,nor,1995,0.814029
2527,nor,1996,0.822862
2527,nor,1997,0.782338
2527,nor,1998,0.811489
2527,nor,1999,0.813417
2527,nor,2000,0.847714
2527,nor,2001,0.882131
2527,nor,2002,0.857058
2527,nor,2003,0.880156
2527,nor,2004,0.86226
2527,nor,2005,0.90698
2527,nor,2006,0.865012
2527,nor,2007,0.848432
2527,npl,1995,0.929746
2527,npl,1996,0.905218
2527,npl,1997,0.913448
2527,npl,1998,0.888063
2527,npl,1999,0.861737
2527,npl,2000,0.875791
2527,npl,2001,0.928879
2527,npl,2002,0.927315
2527,npl,2003,0.764959
2527,npl,2004,0.915861
2527,npl,2005,0.930631
2527,npl,2006,0.863347
2527,npl,2007,0.882593
2527,nru,1995,0.979601
2527,nru,1996,0.980857
2527,nru,1997,0.971065
2527,nru,1998,0.968089
2527,nru,1999,0.969051
2527,nru,2000,0.963512
2527,nru,2001,0.945195
2527,nru,2002,0.965704
2527,nru,2003,0.950487
2527,nru,2004,0.968634
2527,nru,2005,0.939744
2527,nru,2006,0.939298
2527,nru,2007,0.968176
2527,nzl,1995,0.803573
2527,nzl,1996,0.810753
2527,nzl,1997,0.766161
2527,nzl,1998,0.743752
2527,nzl,1999,0.716497
2527,nzl,2000,0.740868
2527,nzl,2001,0.77577
2527,nzl,2002,0.714658
2527,nzl,2003,0.813237
2527,nzl,2004,0.81919
2527,nzl,2005,0.840629
2527,nzl,2006,0.793745
2527,nzl,2007,0.782878
2527,omn,1995,0.956619
2527,omn,1996,0.980484
2527,omn,1997,0.955587
2527,omn,1998,0.934395
2527,omn,1999,0.94615
2527,omn,2000,0.956796
2527,omn,2001,0.979033
2527,omn,2002,0.968499
2527,omn,2003,0.961321
2527,omn,2004,0.935639
2527,omn,2005,0.960518
2527,omn,2006,0.931168
2527,omn,2007,0.953137
2527,pak,1995,0.902756
2527,pak,1996,0.868527
2527,pak,1997,0.911876
2527,pak,1998,0.890704
2527,pak,1999,0.882366
2527,pak,2000,0.858748
2527,pak,2001,0.879379
2527,pak,2002,0.901814
2527,pak,2003,0.79651
2527,pak,2004,0.836473
2527,pak,2005,0.888975
2527,pak,2006,0.826645
2527,pak,2007,0.864057
2527,pan,1995,0.876959
2527,pan,1996,0.891793
2527,pan,1997,0.888792
2527,pan,1998,0.861496
2527,pan,1999,0.837778
2527,pan,2000,0.820514
2527,pan,2001,0.835884
2527,pan,2002,0.856862
2527,pan,2003,0.851144
2527,pan,2004,0.815402
2527,pan,2005,0.911221
2527,pan,2006,0.911086
2527,pan,2007,0.890268
2527,pcn,1995,0.986531
2527,pcn,1996,0.985574
2527,pcn,1997,0.98698
2527,pcn,1998,0.985324
2527,pcn,1999,0.98981
2527,pcn,2000,0.971132
2527,pcn,2001,0.9704
2527,pcn,2002,0.968946
2527,pcn,2003,0.970849
2527,pcn,2004,0.968365
2527,pcn,2005,0.982792
2527,pcn,2006,0.99449
2527,pcn,2007,0.980625
2527,per,1995,0.890993
2527,per,1996,0.872336
2527,per,1997,0.884862
2527,per,1998,0.865412
2527,per,1999,0.864997
2527,per,2000,0.860729
2527,per,2001,0.842324
2527,per,2002,0.87149
2527,per,2003,0.816264
2527,per,2004,0.854792
2527,per,2005,0.901501
2527,per,2006,0.839117
2527,per,2007,0.853468
2527,phl,1995,0.858815
2527,phl,1996,0.826075
2527,phl,1997,0.892365
2527,phl,1998,0.895684
2527,phl,1999,0.899665
2527,phl,2000,0.890085
2527,phl,2001,0.874089
2527,phl,2002,0.887845
2527,phl,2003,0.83964
2527,phl,2004,0.840338
2527,phl,2005,0.924641
2527,phl,2006,0.894991
2527,phl,2007,0.890563
2527,plw,1995,0.98556
2527,plw,1996,0.977774
2527,plw,1997,0.9797
2527,plw,1998,0.977582
2527,plw,1999,0.977425
2527,plw,2000,0.979921
2527,plw,2001,0.986729
2527,plw,2002,0.988608
2527,plw,2003,0.976409
2527,plw,2004,0.986948
2527,plw,2005,0.99079
2527,plw,2006,0.982067
2527,plw,2007,0.982843
2527,png,1995,0.978068
2527,png,1996,0.975997
2527,png,1997,0.983934
2527,png,1998,0.97627
2527,png,1999,0.972058
2527,png,2000,0.97111
2527,png,2001,0.967321
2527,png,2002,0.965818
2527,png,2003,0.947649
2527,png,2004,0.952947
2527,png,2005,0.978356
2527,png,2006,0.967375
2527,png,2007,0.964649
2527,pol,1995,0.712329
2527,pol,1996,0.67217
2527,pol,1997,0.655498
2527,pol,1998,0.638823
2527,pol,1999,0.6135
2527,pol,2000,0.639065
2527,pol,2001,0.655009
2527,pol,2002,0.708489
2527,pol,2003,0.70408
2527,pol,2004,0.733006
2527,pol,2005,0.681886
2527,pol,2006,0.669466
2527,pol,2007,0.726489
2527,prk,1995,0.84583
2527,prk,1996,0.776296
2527,prk,1997,0.846616
2527,prk,1998,0.822483
2527,prk,1999,0.813638
2527,prk,2000,0.810638
2527,prk,2001,0.802264
2527,prk,2002,0.856774
2527,prk,2003,0.838164
2527,prk,2004,0.849806
2527,prk,2005,0.856267
2527,prk,2006,0.862758
2527,prk,2007,0.857521
2527,prt,1995,0.799006
2527,prt,1996,0.762102
2527,prt,1997,0.766749
2527,prt,1998,0.75187
2527,prt,1999,0.74307
2527,prt,2000,0.707218
2527,prt,2001,0.726005
2527,prt,2002,0.777699
2527,prt,2003,0.729413
2527,prt,2004,0.773793
2527,prt,2005,0.783876
2527,prt,2006,0.731847
2527,prt,2007,0.753384
2527,pry,1995,0.912763
2527,pry,1996,0.91922
2527,pry,1997,0.91888
2527,pry,1998,0.928187
2527,pry,1999,0.93192
2527,pry,2000,0.937072
2527,pry,2001,0.941188
2527,pry,2002,0.944029
2527,pry,2003,0.927307
2527,pry,2004,0.951702
2527,pry,2005,0.948654
2527,pry,2006,0.927878
2527,pry,2007,0.921609
2527,pyf,1995,0.971431
2527,pyf,1996,0.975738
2527,pyf,1997,0.97528
2527,pyf,1998,0.985092
2527,pyf,1999,0.973562
2527,pyf,2000,0.97893
2527,pyf,2001,0.973203
2527,pyf,2002,0.960501
2527,pyf,2003,0.954891
2527,pyf,2004,0.967046
2527,pyf,2005,0.983177
2527,pyf,2006,0.967586
2527,pyf,2007,0.973534
2527,qat,1995,0.979739
2527,qat,1996,0.983296
2527,qat,1997,0.989999
2527,qat,1998,0.982258
2527,qat,1999,0.981546
2527,qat,2000,0.987806
2527,qat,2001,0.983326
2527,qat,2002,0.983785
2527,qat,2003,0.976595
2527,qat,2004,0.976399
2527,qat,2005,0.981313
2527,qat,2006,0.9754
2527,qat,2007,0.968575
2527,reu,1995,0.939458
2527,rou,1995,0.787361
2527,rou,1996,0.769276
2527,rou,1997,0.775953
2527,rou,1998,0.77421
2527,rou,1999,0.764281
2527,rou,2000,0.782746
2527,rou,2001,0.783106
2527,rou,2002,0.821756
2527,rou,2003,0.775813
2527,rou,2004,0.799595
2527,rou,2005,0.821738
2527,rou,2006,0.797177
2527,rou,2007,0.824229
2527,rus,1995,0.837016
2527,rus,1996,0.825236
2527,rus,1997,0.829166
2527,rus,1998,0.831499
2527,rus,1999,0.832812
2527,rus,2000,0.858982
2527,rus,2001,0.867459
2527,rus,2002,0.85713
2527,rus,2003,0.873572
2527,rus,2004,0.851231
2527,rus,2005,0.870134
2527,rus,2006,0.820965
2527,rus,2007,0.819587
2527,rwa,1995,0.974973
2527,rwa,1996,0.974514
2527,rwa,1997,0.972197
2527,rwa,1998,0.971807
2527,rwa,1999,0.963267
2527,rwa,2000,0.968157
2527,rwa,2001,0.975408
2527,rwa,2002,0.96594
2527,rwa,2003,0.954092
2527,rwa,2004,0.97089
2527,rwa,2005,0.971154
2527,rwa,2006,0.966745
2527,rwa,2007,0.945771
2527,sau,1995,0.961336
2527,sau,1996,0.971277
2527,sau,1997,0.97513
2527,sau,1998,0.945744
2527,sau,1999,0.963699
2527,sau,2000,0.968142
2527,sau,2001,0.968055
2527,sau,2002,0.952184
2527,sau,2003,0.950431
2527,sau,2004,0.956169
2527,sau,2005,0.958181
2527,sau,2006,0.942642
2527,sau,2007,0.967314
2527,scg,1995,0.815604
2527,scg,1996,0.74471
2527,scg,1997,0.768955
2527,scg,1998,0.772375
2527,scg,1999,0.690799
2527,scg,2000,0.722249
2527,scg,2001,0.733928
2527,scg,2002,0.757158
2527,scg,2003,0.772345
2527,scg,2004,0.728511
2527,scg,2005,0.768335
2527,sdn,1995,0.947253
2527,sdn,1996,0.952465
2527,sdn,1997,0.963182
2527,sdn,1998,0.945236
2527,sdn,1999,0.949358
2527,sdn,2000,0.962655
2527,sdn,2001,0.969101
2527,sdn,2002,0.962997
2527,sdn,2003,0.949054
2527,sdn,2004,0.97055
2527,sdn,2005,0.979955
2527,sdn,2006,0.955297
2527,sdn,2007,0.964431
2527,sen,1995,0.945267
2527,sen,1996,0.914964
2527,sen,1997,0.92679
2527,sen,1998,0.898943
2527,sen,1999,0.898343
2527,sen,2000,0.898635
2527,sen,2001,0.900277
2527,sen,2002,0.892277
2527,sen,2003,0.861653
2527,sen,2004,0.864444
2527,sen,2005,0.887861
2527,sen,2006,0.832725
2527,sen,2007,0.831833
2527,sgp,1995,0.863307
2527,sgp,1996,0.855914
2527,sgp,1997,0.897562
2527,sgp,1998,0.893896
2527,sgp,1999,0.881241
2527,sgp,2000,0.881562
2527,sgp,2001,0.818599
2527,sgp,2002,0.851077
2527,sgp,2003,0.861607
2527,sgp,2004,0.841674
2527,sgp,2005,0.870872
2527,sgp,2006,0.901265
2527,sgp,2007,0.897246
2527,shn,1995,0.978761
2527,shn,1996,0.963961
2527,shn,1997,0.934659
2527,shn,1998,0.942539
2527,shn,1999,0.94941
2527,shn,2000,0.937862
2527,shn,2001,0.951777
2527,shn,2002,0.954782
2527,shn,2003,0.945872
2527,shn,2004,0.959189
2527,shn,2005,0.954994
2527,shn,2006,0.962698
2527,shn,2007,0.987277
2527,slb,1995,0.98154
2527,slb,1996,0.980343
2527,slb,1997,0.987201
2527,slb,1998,0.979951
2527,slb,1999,0.980186
2527,slb,2000,0.97495
2527,slb,2001,0.968748
2527,slb,2002,0.963206
2527,slb,2003,0.967918
2527,slb,2004,0.972434
2527,slb,2005,0.986523
2527,slb,2006,0.982546
2527,slb,2007,0.980884
2527,sle,1995,0.952282
2527,sle,1996,0.948916
2527,sle,1997,0.96214
2527,sle,1998,0.953157
2527,sle,1999,0.933147
2527,sle,2000,0.915238
2527,sle,2001,0.901444
2527,sle,2002,0.917875
2527,sle,2003,0.920476
2527,sle,2004,0.90738
2527,sle,2005,0.93351
2527,sle,2006,0.931927
2527,sle,2007,0.939548
2527,slv,1995,0.873608
2527,slv,1996,0.882268
2527,slv,1997,0.887264
2527,slv,1998,0.869106
2527,slv,1999,0.86866
2527,slv,2000,0.875299
2527,slv,2001,0.873593
2527,slv,2002,0.893458
2527,slv,2003,0.862412
2527,slv,2004,0.8741
2527,slv,2005,0.896532
2527,slv,2006,0.859674
2527,slv,2007,0.877654
2527,som,1995,0.979062
2527,som,1996,0.978758
2527,som,1997,0.97346
2527,som,1998,0.971759
2527,som,1999,0.95849
2527,som,2000,0.967214
2527,som,2001,0.965228
2527,som,2002,0.963832
2527,som,2003,0.948409
2527,som,2004,0.962213
2527,som,2005,0.972032
2527,som,2006,0.957356
2527,som,2007,0.94941
2527,spm,1995,0.957334
2527,spm,1996,0.967494
2527,spm,1997,0.957406
2527,spm,1998,0.94608
2527,spm,1999,0.971642
2527,spm,2000,0.977918
2527,spm,2001,0.979147
2527,spm,2002,0.982972
2527,spm,2003,0.984649
2527,spm,2004,0.984068
2527,spm,2005,0.990064
2527,spm,2006,0.984318
2527,spm,2007,0.982321
2527,stp,1995,0.961772
2527,stp,1996,0.966299
2527,stp,1997,0.970098
2527,stp,1998,0.959974
2527,stp,1999,0.965284
2527,stp,2000,0.960414
2527,stp,2001,0.967701
2527,stp,2002,0.9485
2527,stp,2003,0.958509
2527,stp,2004,0.955376
2527,stp,2005,0.963186
2527,stp,2006,0.966132
2527,stp,2007,0.972766
2527,sur,1995,0.967375
2527,sur,1996,0.971631
2527,sur,1997,0.97128
2527,sur,1998,0.974462
2527,sur,1999,0.963411
2527,sur,2000,0.969442
2527,sur,2001,0.969225
2527,sur,2002,0.973066
2527,sur,2003,0.954847
2527,sur,2004,0.970175
2527,sur,2005,0.98569
2527,sur,2006,0.952457
2527,sur,2007,0.978323
2527,svk,1995,0.724945
2527,svk,1996,0.738749
2527,svk,1997,0.722654
2527,svk,1998,0.687071
2527,svk,1999,0.685253
2527,svk,2000,0.697097
2527,svk,2001,0.767149
2527,svk,2002,0.798071
2527,svk,2003,0.817182
2527,svk,2004,0.824623
2527,svk,2005,0.781446
2527,svk,2006,0.801988
2527,svk,2007,0.820782
2527,svn,1995,0.745482
2527,svn,1996,0.753696
2527,svn,1997,0.738792
2527,svn,1998,0.719468
2527,svn,1999,0.725706
2527,svn,2000,0.645342
2527,svn,2001,0.723767
2527,svn,2002,0.768127
2527,svn,2003,0.792138
2527,svn,2004,0.769911
2527,svn,2005,0.720939
2527,svn,2006,0.782545
2527,svn,2007,0.777776
2527,swe,1995,0.759735
2527,swe,1996,0.777024
2527,swe,1997,0.710418
2527,swe,1998,0.742497
2527,swe,1999,0.757264
2527,swe,2000,0.756934
2527,swe,2001,0.763641
2527,swe,2002,0.751943
2527,swe,2003,0.849864
2527,swe,2004,0.824766
2527,swe,2005,0.744174
2527,swe,2006,0.801307
2527,swe,2007,0.802723
2527,syc,1995,0.951468
2527,syc,1996,0.96061
2527,syc,1997,0.976126
2527,syc,1998,0.970171
2527,syc,1999,0.967778
2527,syc,2000,0.979356
2527,syc,2001,0.978614
2527,syc,2002,0.981817
2527,syc,2003,0.971314
2527,syc,2004,0.971388
2527,syc,2005,0.980959
2527,syc,2006,0.979414
2527,syc,2007,0.971628
2527,syr,1995,0.960438
2527,syr,1996,0.948532
2527,syr,1997,0.958348
2527,syr,1998,0.903598
2527,syr,1999,0.916102
2527,syr,2000,0.935434
2527,syr,2001,0.92697
2527,syr,2002,0.924381
2527,syr,2003,0.892191
2527,syr,2004,0.887987
2527,syr,2005,0.921243
2527,syr,2006,0.835781
2527,syr,2007,0.870623
2527,tca,1995,0.983439
2527,tca,1996,0.978378
2527,tca,1997,0.954121
2527,tca,1998,0.934905
2527,tca,1999,0.921826
2527,tca,2000,0.949632
2527,tca,2001,0.920704
2527,tca,2002,0.924371
2527,tca,2003,0.940201
2527,tca,2004,0.95207
2527,tca,2005,0.952379
2527,tca,2006,0.922075
2527,tca,2007,0.928923
2527,tcd,1995,0.983635
2527,tcd,1996,0.989104
2527,tcd,1997,0.982871
2527,tcd,1998,0.992017
2527,tcd,1999,0.98334
2527,tcd,2000,0.982801
2527,tcd,2001,0.979895
2527,tcd,2002,0.973089
2527,tcd,2003,0.971345
2527,tcd,2004,0.995793
2527,tcd,2005,0.994544
2527,tcd,2006,0.994514
2527,tcd,2007,0.997444
2527,tgo,1995,0.920548
2527,tgo,1996,0.92182
2527,tgo,1997,0.938897
2527,tgo,1998,0.914546
2527,tgo,1999,0.924631
2527,tgo,2000,0.907403
2527,tgo,2001,0.90553
2527,tgo,2002,0.924268
2527,tgo,2003,0.876341
2527,tgo,2004,0.877591
2527,tgo,2005,0.934372
2527,tgo,2006,0.890467
2527,tgo,2007,0.931035
2527,tha,1995,0.779169
2527,tha,1996,0.749088
2527,tha,1997,0.815779
2527,tha,1998,0.797752
2527,tha,1999,0.75062
2527,tha,2000,0.727762
2527,tha,2001,0.669085
2527,tha,2002,0.766404
2527,tha,2003,0.691545
2527,tha,2004,0.712487
2527,tha,2005,0.816221
2527,tha,2006,0.770295
2527,tha,2007,0.827636
2527,tjk,1995,0.952931
2527,tjk,1996,0.9572
2527,tjk,1997,0.941855
2527,tjk,1998,0.936367
2527,tjk,1999,0.935477
2527,tjk,2000,0.951399
2527,tjk,2001,0.946031
2527,tjk,2002,0.944985
2527,tjk,2003,0.926322
2527,tjk,2004,0.950599
2527,tjk,2005,0.952338
2527,tjk,2006,0.938341
2527,tjk,2007,0.939839
2527,tkl,1995,0.959451
2527,tkl,1996,0.933367
2527,tkl,1997,0.940293
2527,tkl,1998,0.93081
2527,tkl,1999,0.924439
2527,tkl,2000,0.870779
2527,tkl,2001,0.904607
2527,tkl,2002,0.904279
2527,tkl,2003,0.908923
2527,tkl,2004,0.904045
2527,tkl,2005,0.927673
2527,tkl,2006,0.905037
2527,tkl,2007,0.940515
2527,tkm,1995,0.980554
2527,tkm,1996,0.97008
2527,tkm,1997,0.972533
2527,tkm,1998,0.922605
2527,tkm,1999,0.961322
2527,tkm,2000,0.966082
2527,tkm,2001,0.973809
2527,tkm,2002,0.97584
2527,tkm,2003,0.966827
2527,tkm,2004,0.977554
2527,tkm,2005,0.984108
2527,tkm,2006,0.964609
2527,tkm,2007,0.978919
2527,tls,1995,0.975952
2527,tls,1996,0.979211
2527,tls,1997,0.984541
2527,tls,1998,0.983428
2527,tls,1999,0.994075
2527,tls,2000,0.991447
2527,tls,2001,0.957559
2527,tls,2002,0.961813
2527,tls,2003,0.955938
2527,tls,2004,0.987095
2527,tls,2005,0.989671
2527,tls,2006,0.9769
2527,tls,2007,0.980979
2527,ton,1995,0.97069
2527,ton,1996,0.968802
2527,ton,1997,0.971532
2527,ton,1998,0.971826
2527,ton,1999,0.965263
2527,ton,2000,0.971691
2527,ton,2001,0.971625
2527,ton,2002,0.971172
2527,ton,2003,0.943694
2527,ton,2004,0.951941
2527,ton,2005,0.96647
2527,ton,2006,0.946657
2527,ton,2007,0.963418
2527,tto,1995,0.921966
2527,tto,1996,0.93137
2527,tto,1997,0.910383
2527,tto,1998,0.907262
2527,tto,1999,0.9192
2527,tto,2000,0.947594
2527,tto,2001,0.940187
2527,tto,2002,0.951458
2527,tto,2003,0.949779
2527,tto,2004,0.948705
2527,tto,2005,0.956275
2527,tto,2006,0.925611
2527,tto,2007,0.943221
2527,tun,1995,0.874389
2527,tun,1996,0.868655
2527,tun,1997,0.893881
2527,tun,1998,0.867701
2527,tun,1999,0.867894
2527,tun,2000,0.83975
2527,tun,2001,0.84195
2527,tun,2002,0.863094
2527,tun,2003,0.808051
2527,tun,2004,0.843251
2527,tun,2005,0.875571
2527,tun,2006,0.822393
2527,tun,2007,0.847929
2527,tur,1995,0.799205
2527,tur,1996,0.67992
2527,tur,1997,0.675757
2527,tur,1998,0.674616
2527,tur,1999,0.662241
2527,tur,2000,0.657725
2527,tur,2001,0.677816
2527,tur,2002,0.780137
2527,tur,2003,0.701674
2527,tur,2004,0.754448
2527,tur,2005,0.756447
2527,tur,2006,0.685394
2527,tur,2007,0.758234
2527,tuv,1995,0.981015
2527,tuv,1996,0.96644
2527,tuv,1997,0.983108
2527,tuv,1998,0.978952
2527,tuv,1999,0.974305
2527,tuv,2000,0.965123
2527,tuv,2001,0.88817
2527,tuv,2002,0.916089
2527,tuv,2003,0.964076
2527,tuv,2004,0.972652
2527,tuv,2005,0.9651
2527,tuv,2006,0.974486
2527,tuv,2007,0.977361
2527,tza,1995,0.917071
2527,tza,1996,0.921726
2527,tza,1997,0.902703
2527,tza,1998,0.898896
2527,tza,1999,0.897402
2527,tza,2000,0.902223
2527,tza,2001,0.889328
2527,tza,2002,0.888622
2527,tza,2003,0.846901
2527,tza,2004,0.846098
2527,tza,2005,0.914486
2527,tza,2006,0.833487
2527,tza,2007,0.837261
2527,uga,1995,0.981674
2527,uga,1996,0.974212
2527,uga,1997,0.968475
2527,uga,1998,0.954413
2527,uga,1999,0.950683
2527,uga,2000,0.940546
2527,uga,2001,0.919435
2527,uga,2002,0.918835
2527,uga,2003,0.889968
2527,uga,2004,0.894199
2527,uga,2005,0.915068
2527,uga,2006,0.879163
2527,uga,2007,0.86827
2527,ukr,1995,0.852498
2527,ukr,1996,0.79284
2527,ukr,1997,0.764137
2527,ukr,1998,0.792497
2527,ukr,1999,0.800557
2527,ukr,2000,0.80869
2527,ukr,2001,0.802013
2527,ukr,2002,0.812001
2527,ukr,2003,0.80618
2527,ukr,2004,0.833965
2527,ukr,2005,0.796256
2527,ukr,2006,0.730546
2527,ukr,2007,0.769595
2527,ury,1995,0.846427
2527,ury,1996,0.852739
2527,ury,1997,0.840862
2527,ury,1998,0.83298
2527,ury,1999,0.828609
2527,ury,2000,0.836879
2527,ury,2001,0.847296
2527,ury,2002,0.861625
2527,ury,2003,0.851353
2527,ury,2004,0.880202
2527,ury,2005,0.880499
2527,ury,2006,0.871435
2527,ury,2007,0.850627
2527,usa,1995,0.489655
2527,usa,1996,0.694935
2527,usa,1997,0.616269
2527,usa,1998,0.641929
2527,usa,1999,0.651535
2527,usa,2000,0.630904
2527,usa,2001,0.632958
2527,usa,2002,0.591137
2527,usa,2003,0.700195
2527,usa,2004,0.673286
2527,usa,2005,0.529827
2527,usa,2006,0.61792
2527,usa,2007,0.602102
2527,uzb,1995,0.954501
2527,uzb,1996,0.952861
2527,uzb,1997,0.945217
2527,uzb,1998,0.915706
2527,uzb,1999,0.926773
2527,uzb,2000,0.920179
2527,uzb,2001,0.927548
2527,uzb,2002,0.931306
2527,uzb,2003,0.92331
2527,uzb,2004,0.934024
2527,uzb,2005,0.932264
2527,uzb,2006,0.904535
2527,uzb,2007,0.92782
2527,vct,1995,0.960494
2527,vct,1996,0.958944
2527,vct,1997,0.945707
2527,vct,1998,0.938424
2527,vct,1999,0.959286
2527,vct,2000,0.928181
2527,vct,2001,0.969483
2527,vct,2002,0.963334
2527,vct,2003,0.95701
2527,vct,2004,0.97897
2527,vct,2005,0.982893
2527,vct,2006,0.967592
2527,vct,2007,0.974098
2527,ven,1995,0.907373
2527,ven,1996,0.929841
2527,ven,1997,0.922893
2527,ven,1998,0.90601
2527,ven,1999,0.927759
2527,ven,2000,0.947755
2527,ven,2001,0.944819
2527,ven,2002,0.943466
2527,ven,2003,0.940688
2527,ven,2004,0.939442
2527,ven,2005,0.950862
2527,ven,2006,0.933787
2527,ven,2007,0.944858
2527,vgb,1995,0.958121
2527,vgb,1996,0.966541
2527,vgb,1997,0.947923
2527,vgb,1998,0.946252
2527,vgb,1999,0.959081
2527,vgb,2000,0.939924
2527,vgb,2001,0.93979
2527,vgb,2002,0.94457
2527,vgb,2003,0.951214
2527,vgb,2004,0.972479
2527,vgb,2005,0.977439
2527,vgb,2006,0.942619
2527,vgb,2007,0.946354
2527,vnm,1995,0.865447
2527,vnm,1996,0.829793
2527,vnm,1997,0.878173
2527,vnm,1998,0.866696
2527,vnm,1999,0.841014
2527,vnm,2000,0.820275
2527,vnm,2001,0.787086
2527,vnm,2002,0.816782
2527,vnm,2003,0.618896
2527,vnm,2004,0.742535
2527,vnm,2005,0.884473
2527,vnm,2006,0.828655
2527,vnm,2007,0.84385
2527,vut,1995,0.977956
2527,vut,1996,0.970125
2527,vut,1997,0.977886
2527,vut,1998,0.975258
2527,vut,1999,0.967164
2527,vut,2000,0.969758
2527,vut,2001,0.967746
2527,vut,2002,0.961887
2527,vut,2003,0.956294
2527,vut,2004,0.967919
2527,vut,2005,0.982079
2527,vut,2006,0.973569
2527,vut,2007,0.978464
2527,wlf,1995,0.983368
2527,wlf,1996,0.982489
2527,wlf,1997,0.990374
2527,wlf,1998,0.991713
2527,wlf,1999,0.987782
2527,wlf,2000,0.97491
2527,wlf,2001,0.986966
2527,wlf,2002,0.987508
2527,wlf,2003,0.990353
2527,wlf,2004,0.975106
2527,wlf,2005,0.975688
2527,wlf,2006,0.984497
2527,wlf,2007,0.985752
2527,wsm,1995,0.97234
2527,wsm,1996,0.976856
2527,wsm,1997,0.974711
2527,wsm,1998,0.981947
2527,wsm,1999,0.974478
2527,wsm,2000,0.974755
2527,wsm,2001,0.969935
2527,wsm,2002,0.962983
2527,wsm,2003,0.939194
2527,wsm,2004,0.950785
2527,wsm,2005,0.961527
2527,wsm,2006,0.973237
2527,wsm,2007,0.973171
2527,yem,1995,0.983333
2527,yem,1996,0.984322
2527,yem,1997,0.988718
2527,yem,1998,0.972724
2527,yem,1999,0.980925
2527,yem,2000,0.983318
2527,yem,2001,0.981548
2527,yem,2002,0.974612
2527,yem,2003,0.963937
2527,yem,2004,0.96762
2527,yem,2005,0.980346
2527,yem,2006,0.960848
2527,yem,2007,0.967792
2527,zaf,1995,0.811147
2527,zaf,1996,0.775485
2527,zaf,1997,0.77977
2527,zaf,1998,0.758352
2527,zaf,1999,0.675396
2527,zaf,2000,0.737368
2527,zaf,2001,0.67396
2527,zaf,2002,0.558019
2527,zaf,2003,0.482241
2527,zaf,2004,0.388833
2527,zaf,2005,0.561975
2527,zaf,2006,0.279321
2527,zaf,2007,0.079924
2527,zmb,1995,0.940089
2527,zmb,1996,0.926687
2527,zmb,1997,0.92601
2527,zmb,1998,0.907256
2527,zmb,1999,0.907062
2527,zmb,2000,0.916041
2527,zmb,2001,0.915421
2527,zmb,2002,0.878992
2527,zmb,2003,0.872535
2527,zmb,2004,0.890385
2527,zmb,2005,0.953086
2527,zmb,2006,0.902611
2527,zmb,2007,0.88645
2527,zwe,1995,0.764604
2527,zwe,1996,0.868073
2527,zwe,1997,0.894349
2527,zwe,1998,0.871147
2527,zwe,1999,0.853104
2527,zwe,2000,0.855899
2527,zwe,2001,0.876403
2527,zwe,2002,0.821113
2527,zwe,2003,0.821715
2527,zwe,2004,0.827096
2527,zwe,2005,0.904682
2527,zwe,2006,0.857116
2527,zwe,2007,0.812997
2527,twn,1995,0.775104
2527,twn,1996,0.727198
2527,twn,1997,0.771885
2527,twn,1998,0.747619
2527,twn,1999,0.753719
2527,twn,2000,0.723292
2527,twn,2001,0.718673
2527,twn,2002,0.765161
2527,twn,2003,0.775864
2527,twn,2004,0.771297
2527,twn,2005,0.754449
2527,twn,2006,0.814835
2527,twn,2007,0.82076
2527,ans,1995,0.875155
2527,ans,1996,0.875169
2527,ans,1997,0.931468
2527,ans,1998,0.880406
2527,ans,1999,0.894143
2527,ans,2000,0.945007
2527,ans,2001,0.952449
2527,ans,2002,0.940745
2527,ans,2003,0.936929
2527,ans,2004,0.949524
2527,ans,2005,0.94734
2527,ans,2006,0.938932
2527,ans,2007,0.940341
2527,lux,1999,0.829448
2527,lux,2000,0.825648
2527,lux,2001,0.832628
2527,lux,2002,0.831088
2527,lux,2003,0.848696
2527,lux,2004,0.848134
2527,lux,2005,0.830842
2527,lux,2006,0.835766
2527,lux,2007,0.85339
2527,asm,2000,0.914493
2527,asm,2001,0.933466
2527,asm,2002,0.947323
2527,asm,2003,0.937818
2527,asm,2004,0.920397
2527,asm,2005,0.91776
2527,asm,2006,0.957845
2527,asm,2007,0.947012
2527,ata,2000,0.979411
2527,ata,2001,0.985987
2527,ata,2002,0.976291
2527,ata,2003,0.981892
2527,ata,2004,0.980401
2527,ata,2005,0.992377
2527,ata,2006,0.976235
2527,ata,2007,0.990645
2527,bvt,2000,0.993306
2527,bvt,2001,0.995646
2527,bvt,2002,0.992693
2527,bvt,2003,0.991168
2527,bvt,2004,0.99
2527,bvt,2005,0.991291
2527,bvt,2006,0.987806
2527,bvt,2007,0.99146
2527,bwa,2000,0.970747
2527,bwa,2001,0.954583
2527,bwa,2002,0.965051
2527,bwa,2003,0.980634
2527,bwa,2004,0.948614
2527,bwa,2005,0.970355
2527,bwa,2006,0.941595
2527,bwa,2007,0.801835
2527,gum,2000,0.987395
2527,gum,2001,0.978231
2527,gum,2002,0.96648
2527,gum,2003,0.938721
2527,gum,2004,0.920057
2527,gum,2005,0.943675
2527,gum,2006,0.924945
2527,gum,2007,0.925326
2527,hmd,2000,0.973192
2527,hmd,2001,0.983683
2527,hmd,2002,0.989118
2527,hmd,2003,0.985852
2527,hmd,2004,0.988015
2527,hmd,2005,0.985977
2527,hmd,2006,0.986603
2527,hmd,2007,0.990298
2527,lso,2000,0.982232
2527,lso,2001,0.981127
2527,lso,2002,0.987797
2527,lso,2003,0.975294
2527,lso,2004,0.981138
2527,lso,2005,0.993507
2527,lso,2006,0.973268
2527,lso,2007,0.968055
2527,myt,2000,0.976061
2527,myt,2001,0.957137
2527,myt,2002,0.978325
2527,myt,2003,0.961802
2527,myt,2004,0.951043
2527,myt,2005,0.955133
2527,myt,2006,0.975175
2527,myt,2007,0.984033
2527,nam,2000,0.907412
2527,nam,2001,0.916507
2527,nam,2002,0.882856
2527,nam,2003,0.874076
2527,nam,2004,0.868429
2527,nam,2005,0.914031
2527,nam,2006,0.873689
2527,nam,2007,0.799336
2527,pse,2000,0.906841
2527,pse,2001,0.925904
2527,pse,2002,0.945806
2527,pse,2003,0.917349
2527,pse,2004,0.946877
2527,pse,2005,0.934209
2527,pse,2006,0.925755
2527,pse,2007,0.875634
2527,sgs,2000,0.998257
2527,sgs,2001,0.990718
2527,sgs,2002,0.985462
2527,sgs,2003,0.992211
2527,sgs,2004,0.981557
2527,sgs,2005,0.992934
2527,sgs,2006,0.991799
2527,sgs,2007,0.993488
2527,smr,2000,0.933176
2527,smr,2001,0.945781
2527,smr,2002,0.928205
2527,smr,2003,0.942251
2527,smr,2004,0.948712
2527,smr,2005,0.924817
2527,smr,2006,0.945131
2527,smr,2007,0.953087
2527,swz,2000,0.897113
2527,swz,2001,0.929097
2527,swz,2002,0.909478
2527,swz,2003,0.923472
2527,swz,2004,0.921743
2527,swz,2005,0.901346
2527,swz,2006,0.909229
2527,swz,2007,0.902768
2527,umi,2000,0.937922
2527,umi,2001,0.939046
2527,umi,2002,0.948176
2527,umi,2003,0.962738
2527,umi,2004,0.958012
2527,umi,2005,0.943003
2527,umi,2006,0.967884
2527,umi,2007,0.944098
2527,vat,2000,0.97037
2527,vat,2001,0.974139
2527,vat,2002,0.970276
2527,vat,2003,0.982086
2527,vat,2004,0.96693
2527,vat,2005,0.965087
2527,vat,2006,0.973632
2527,vat,2007,0.959222
2527,srb,2006,0.735286
2527,srb,2007,0.761278
2527,mne,2006,0.896826
2527,mne,2007,0.912682
