product_code_hs,location,year,export_rca
7222,abw,1995,0
7222,abw,1996,0.021954
7222,abw,1997,0
7222,abw,1998,0
7222,abw,1999,0
7222,abw,2000,0
7222,abw,2001,0
7222,abw,2002,0
7222,abw,2003,0
7222,abw,2004,0
7222,abw,2005,0
7222,abw,2006,0
7222,abw,2007,0
7222,abw,2008,0
7222,abw,2009,0.026147
7222,abw,2010,0
7222,abw,2011,0
7222,abw,2012,0.006318
7222,abw,2013,0.019104
7222,abw,2014,0
7222,abw,2015,0
7222,abw,2016,0
7222,afg,1995,0
7222,afg,1996,0
7222,afg,1997,0
7222,afg,1998,0
7222,afg,1999,0
7222,afg,2000,0.010561
7222,afg,2001,0
7222,afg,2002,0
7222,afg,2003,0
7222,afg,2004,0
7222,afg,2005,0
7222,afg,2006,0
7222,afg,2007,0
7222,afg,2008,3.041116
7222,afg,2009,0.000351
7222,afg,2010,0.004447
7222,afg,2011,0.012043
7222,afg,2012,0.290129
7222,afg,2013,0.223756
7222,afg,2014,0.001759
7222,afg,2015,0
7222,afg,2016,0
7222,ago,1995,0
7222,ago,1996,0
7222,ago,1997,0
7222,ago,1998,0
7222,ago,1999,0
7222,ago,2000,0
7222,ago,2001,0
7222,ago,2002,0
7222,ago,2003,0
7222,ago,2004,0
7222,ago,2005,0
7222,ago,2006,0
7222,ago,2007,0
7222,ago,2008,0
7222,ago,2009,0
7222,ago,2010,0
7222,ago,2011,0
7222,ago,2012,0.000052
7222,ago,2013,0.000079
7222,ago,2014,0
7222,ago,2015,0.000075
7222,ago,2016,0.000969
7222,aia,1995,0
7222,aia,1996,0
7222,aia,1997,0
7222,aia,1998,0
7222,aia,1999,0
7222,aia,2000,0
7222,aia,2001,6.164477
7222,aia,2002,0
7222,aia,2003,0
7222,aia,2004,0
7222,aia,2005,0
7222,aia,2006,0
7222,aia,2007,0
7222,aia,2008,0
7222,aia,2009,0
7222,aia,2010,0
7222,aia,2011,0
7222,aia,2012,0
7222,aia,2013,0.178139
7222,aia,2014,0
7222,aia,2015,0
7222,aia,2016,0
7222,alb,1995,0.112965
7222,alb,1996,0
7222,alb,1997,0.091983
7222,alb,1998,0.09116
7222,alb,1999,0.070052
7222,alb,2000,0
7222,alb,2001,0.022595
7222,alb,2002,0.683072
7222,alb,2003,0
7222,alb,2004,0.213311
7222,alb,2005,0.024517
7222,alb,2006,0
7222,alb,2007,0
7222,alb,2008,0
7222,alb,2009,0.000493
7222,alb,2010,0
7222,alb,2011,0.178756
7222,alb,2012,0
7222,alb,2013,0.007075
7222,alb,2014,0
7222,alb,2015,0.000387
7222,alb,2016,0.004515
7222,and,1995,0
7222,and,1996,0
7222,and,1997,0
7222,and,1998,0
7222,and,1999,0
7222,and,2000,0
7222,and,2001,0.048785
7222,and,2002,0
7222,and,2003,0.09308
7222,and,2004,0.885297
7222,and,2005,0
7222,and,2006,0.031568
7222,and,2007,0.024819
7222,and,2008,0.095345
7222,and,2009,0
7222,and,2010,0
7222,and,2011,0.175246
7222,and,2012,0.054175
7222,and,2013,0
7222,and,2014,0.070437
7222,and,2015,0.026138
7222,and,2016,0
7222,ant,1995,0
7222,ant,1996,0
7222,ant,1997,0
7222,ant,1998,0.027685
7222,ant,1999,0.002395
7222,ant,2000,0.000175
7222,ant,2001,0
7222,ant,2002,0.000542
7222,ant,2003,0
7222,ant,2004,0.01729
7222,ant,2005,0.004124
7222,ant,2006,0.196112
7222,ant,2007,0.000583
7222,ant,2008,0.00128
7222,ant,2009,0
7222,ant,2010,0.002128
7222,are,1995,0.020805
7222,are,1996,0.523571
7222,are,1997,1.140447
7222,are,1998,1.192888
7222,are,1999,0.952407
7222,are,2000,1.237697
7222,are,2001,0.567544
7222,are,2002,0.854659
7222,are,2003,0.271834
7222,are,2004,0.517464
7222,are,2005,0.626697
7222,are,2006,0.493751
7222,are,2007,0.3025
7222,are,2008,0.315997
7222,are,2009,0.230184
7222,are,2010,0.487036
7222,are,2011,0.840475
7222,are,2012,0.906528
7222,are,2013,0.697491
7222,are,2014,0.326184
7222,are,2015,0.533167
7222,are,2016,0.371092
7222,arg,1995,0.038426
7222,arg,1996,0.025157
7222,arg,1997,0.01325
7222,arg,1998,0.008471
7222,arg,1999,0.051002
7222,arg,2000,0.092012
7222,arg,2001,0.092571
7222,arg,2002,0.015255
7222,arg,2003,0.007862
7222,arg,2004,0.008569
7222,arg,2005,0.01523
7222,arg,2006,0.032104
7222,arg,2007,0.038549
7222,arg,2008,0.008514
7222,arg,2009,0.014208
7222,arg,2010,0.014492
7222,arg,2011,0.013897
7222,arg,2012,0.117572
7222,arg,2013,0.004761
7222,arg,2014,0.007628
7222,arg,2015,0.007469
7222,arg,2016,0.005642
7222,arm,1995,0
7222,arm,1996,0
7222,arm,1997,1.800236
7222,arm,1998,2.417695
7222,arm,1999,5.659127
7222,arm,2000,0.1799
7222,arm,2001,0
7222,arm,2002,0
7222,arm,2003,0
7222,arm,2004,0
7222,arm,2005,0
7222,arm,2006,0
7222,arm,2007,0
7222,arm,2008,0
7222,arm,2009,0
7222,arm,2010,0
7222,arm,2011,0
7222,arm,2012,0
7222,arm,2013,0
7222,arm,2014,0
7222,arm,2015,0
7222,arm,2016,0.005113
7222,atf,1995,0
7222,atf,1996,0
7222,atf,1997,0
7222,atf,1998,0
7222,atf,1999,0
7222,atf,2000,0
7222,atf,2001,0
7222,atf,2002,0
7222,atf,2003,0
7222,atf,2004,0
7222,atf,2005,0
7222,atf,2006,0
7222,atf,2007,0
7222,atf,2008,0
7222,atf,2009,0
7222,atf,2010,0
7222,atf,2011,0
7222,atf,2012,0
7222,atf,2013,0
7222,atf,2014,0
7222,atf,2015,0
7222,atf,2016,0
7222,atg,1995,0
7222,atg,1996,0
7222,atg,1997,0
7222,atg,1998,0
7222,atg,1999,0
7222,atg,2000,0
7222,atg,2001,0
7222,atg,2002,0
7222,atg,2003,0
7222,atg,2004,0
7222,atg,2005,0
7222,atg,2006,0.001687
7222,atg,2007,0
7222,atg,2008,0
7222,atg,2009,0
7222,atg,2010,0.035026
7222,atg,2011,0.014544
7222,atg,2012,0.123887
7222,atg,2013,0.008793
7222,atg,2014,0.091709
7222,atg,2015,0
7222,atg,2016,0
7222,aus,1995,0.217352
7222,aus,1996,0.200683
7222,aus,1997,0.091514
7222,aus,1998,0.089078
7222,aus,1999,0.206921
7222,aus,2000,0.118777
7222,aus,2001,0.095878
7222,aus,2002,0.077248
7222,aus,2003,0.112455
7222,aus,2004,0.100344
7222,aus,2005,0.057256
7222,aus,2006,0.097486
7222,aus,2007,0.097223
7222,aus,2008,0.050178
7222,aus,2009,0.092038
7222,aus,2010,0.092577
7222,aus,2011,0.045082
7222,aus,2012,0.051194
7222,aus,2013,0.045862
7222,aus,2014,0.083194
7222,aus,2015,0.059952
7222,aus,2016,0.044674
7222,aut,1995,2.94636
7222,aut,1996,3.700364
7222,aut,1997,3.517166
7222,aut,1998,3.399947
7222,aut,1999,3.00165
7222,aut,2000,2.601821
7222,aut,2001,2.565123
7222,aut,2002,2.987634
7222,aut,2003,2.751362
7222,aut,2004,2.738576
7222,aut,2005,3.228958
7222,aut,2006,2.908175
7222,aut,2007,3.053393
7222,aut,2008,3.911472
7222,aut,2009,4.349338
7222,aut,2010,3.104465
7222,aut,2011,3.678964
7222,aut,2012,4.481488
7222,aut,2013,4.725085
7222,aut,2014,4.476201
7222,aut,2015,4.226977
7222,aut,2016,3.681644
7222,aze,1995,0
7222,aze,1996,0
7222,aze,1997,0.040504
7222,aze,1998,0.216652
7222,aze,1999,0.024471
7222,aze,2000,0
7222,aze,2001,0
7222,aze,2002,0.048145
7222,aze,2003,0
7222,aze,2004,0.001594
7222,aze,2005,0.0035
7222,aze,2006,0
7222,aze,2007,0.000826
7222,aze,2008,0
7222,aze,2009,0
7222,aze,2010,0
7222,aze,2011,0
7222,aze,2012,0
7222,aze,2013,0
7222,aze,2014,0
7222,aze,2015,0.002826
7222,aze,2016,0.000556
7222,bdi,1995,0
7222,bdi,1996,0
7222,bdi,1997,0
7222,bdi,1998,0
7222,bdi,1999,0
7222,bdi,2000,0
7222,bdi,2001,0
7222,bdi,2002,0
7222,bdi,2003,0
7222,bdi,2004,0
7222,bdi,2005,0
7222,bdi,2006,0.355134
7222,bdi,2007,0
7222,bdi,2008,0
7222,bdi,2009,0
7222,bdi,2010,0
7222,bdi,2011,0
7222,bdi,2012,0
7222,bdi,2013,0.048104
7222,bdi,2014,0
7222,bdi,2015,0
7222,bdi,2016,0
7222,bel,1995,0.523654
7222,bel,1996,0.480192
7222,bel,1997,0.578918
7222,bel,1998,0.5749
7222,bel,1999,0.402338
7222,bel,2000,0.38896
7222,bel,2001,0.345166
7222,bel,2002,0.300454
7222,bel,2003,0.307681
7222,bel,2004,0.320423
7222,bel,2005,0.313844
7222,bel,2006,0.292987
7222,bel,2007,0.304002
7222,bel,2008,0.281991
7222,bel,2009,0.319934
7222,bel,2010,0.28562
7222,bel,2011,0.381657
7222,bel,2012,0.587454
7222,bel,2013,0.609456
7222,bel,2014,0.602406
7222,bel,2015,0.673404
7222,bel,2016,0.788115
7222,ben,1995,0
7222,ben,1996,0
7222,ben,1997,0
7222,ben,1998,0
7222,ben,1999,0
7222,ben,2000,0
7222,ben,2001,0
7222,ben,2002,0
7222,ben,2003,0
7222,ben,2004,0
7222,ben,2005,0
7222,ben,2006,0
7222,ben,2007,0
7222,ben,2008,0
7222,ben,2009,0
7222,ben,2010,0
7222,ben,2011,0
7222,ben,2012,0.00151
7222,ben,2013,0
7222,ben,2014,0
7222,ben,2015,0.132493
7222,ben,2016,0
7222,bfa,1995,0
7222,bfa,1996,0
7222,bfa,1997,0
7222,bfa,1998,0
7222,bfa,1999,0
7222,bfa,2000,0.789786
7222,bfa,2001,0.253285
7222,bfa,2002,0.491815
7222,bfa,2003,0
7222,bfa,2004,0
7222,bfa,2005,0
7222,bfa,2006,0.200879
7222,bfa,2007,0
7222,bfa,2008,0
7222,bfa,2009,0
7222,bfa,2010,0
7222,bfa,2011,0
7222,bfa,2012,0.026043
7222,bfa,2013,0.000432
7222,bfa,2014,0
7222,bfa,2015,0
7222,bfa,2016,0
7222,bgd,1995,0
7222,bgd,1996,0
7222,bgd,1997,0
7222,bgd,1998,0.014447
7222,bgd,1999,0
7222,bgd,2000,0
7222,bgd,2001,0
7222,bgd,2002,0
7222,bgd,2003,0.033248
7222,bgd,2004,0
7222,bgd,2005,0
7222,bgd,2006,0.002338
7222,bgd,2007,0.000154
7222,bgd,2008,0
7222,bgd,2009,0.000357
7222,bgd,2010,0
7222,bgd,2011,0.000064
7222,bgd,2012,0.003042
7222,bgd,2013,0.020493
7222,bgd,2014,0
7222,bgd,2015,0.017152
7222,bgd,2016,0
7222,bgr,1995,1.314311
7222,bgr,1996,0.116111
7222,bgr,1997,0.07144
7222,bgr,1998,0.099435
7222,bgr,1999,0.024702
7222,bgr,2000,0.064521
7222,bgr,2001,0.199104
7222,bgr,2002,0.060437
7222,bgr,2003,0.044369
7222,bgr,2004,0.022675
7222,bgr,2005,0.023806
7222,bgr,2006,0.020025
7222,bgr,2007,0.017897
7222,bgr,2008,0.067753
7222,bgr,2009,0.07735
7222,bgr,2010,0.058665
7222,bgr,2011,0.903866
7222,bgr,2012,0.073645
7222,bgr,2013,0.129598
7222,bgr,2014,0.085147
7222,bgr,2015,0.09433
7222,bgr,2016,0.098873
7222,bhr,1995,0
7222,bhr,1996,0
7222,bhr,1997,0.051929
7222,bhr,1998,0.001968
7222,bhr,1999,0
7222,bhr,2000,0.051733
7222,bhr,2001,0.185541
7222,bhr,2002,0
7222,bhr,2003,0.000404
7222,bhr,2004,0
7222,bhr,2005,0.007202
7222,bhr,2006,0.061827
7222,bhr,2007,0.004687
7222,bhr,2008,0.052186
7222,bhr,2009,0.176174
7222,bhr,2010,1.492847
7222,bhr,2011,0.22429
7222,bhr,2012,1.095164
7222,bhr,2013,2.250951
7222,bhr,2014,0.004485
7222,bhr,2015,0.196402
7222,bhr,2016,0.050866
7222,bhs,1995,0.09353
7222,bhs,1996,0
7222,bhs,1997,0
7222,bhs,1998,0
7222,bhs,1999,0
7222,bhs,2000,0
7222,bhs,2001,0.00227
7222,bhs,2002,0.021761
7222,bhs,2003,0
7222,bhs,2004,0
7222,bhs,2005,0
7222,bhs,2006,0
7222,bhs,2007,0.002517
7222,bhs,2008,0
7222,bhs,2009,0.003718
7222,bhs,2010,0.05533
7222,bhs,2011,0
7222,bhs,2012,0
7222,bhs,2013,0
7222,bhs,2014,0
7222,bhs,2015,0
7222,bhs,2016,0.000329
7222,bih,1995,0
7222,bih,1996,0.056505
7222,bih,1997,0.070334
7222,bih,1998,0.056058
7222,bih,1999,0
7222,bih,2000,0.064206
7222,bih,2001,0.038155
7222,bih,2002,0.118792
7222,bih,2003,0.049743
7222,bih,2004,0.03249
7222,bih,2005,0.017507
7222,bih,2006,0.014365
7222,bih,2007,0.011639
7222,bih,2008,0.038212
7222,bih,2009,0.053888
7222,bih,2010,0.014375
7222,bih,2011,0.01838
7222,bih,2012,0.029737
7222,bih,2013,0.029761
7222,bih,2014,0.046223
7222,bih,2015,0.042728
7222,bih,2016,0.067323
7222,blr,1995,0.004188
7222,blr,1996,0.088831
7222,blr,1997,0.017172
7222,blr,1998,0.049275
7222,blr,1999,0.059099
7222,blr,2000,0.007025
7222,blr,2001,0.01626
7222,blr,2002,0.13103
7222,blr,2003,0.123945
7222,blr,2004,0.192539
7222,blr,2005,0.001211
7222,blr,2006,0.002182
7222,blr,2007,0.001248
7222,blr,2008,0.002349
7222,blr,2009,0.027094
7222,blr,2010,0.000362
7222,blr,2011,0.005845
7222,blr,2012,0.002922
7222,blr,2013,0.004031
7222,blr,2014,0.032071
7222,blr,2015,0.032729
7222,blr,2016,0.117636
7222,blz,1995,0
7222,blz,1996,0
7222,blz,1997,0
7222,blz,1998,0.037747
7222,blz,1999,0
7222,blz,2000,0.104062
7222,blz,2001,0
7222,blz,2002,0
7222,blz,2003,0
7222,blz,2004,0
7222,blz,2005,0
7222,blz,2006,0
7222,blz,2007,0
7222,blz,2008,0
7222,blz,2009,0
7222,blz,2010,0
7222,blz,2011,0
7222,blz,2012,0.038113
7222,blz,2013,0.005184
7222,blz,2014,0
7222,blz,2015,0
7222,blz,2016,0.357932
7222,bmu,1995,0
7222,bmu,1996,0
7222,bmu,1997,0
7222,bmu,1998,0
7222,bmu,1999,0
7222,bmu,2000,0
7222,bmu,2001,0
7222,bmu,2002,0
7222,bmu,2003,0
7222,bmu,2004,0
7222,bmu,2005,0
7222,bmu,2006,0
7222,bmu,2007,0
7222,bmu,2008,0
7222,bmu,2009,0
7222,bmu,2010,0
7222,bmu,2011,0
7222,bmu,2012,0.080595
7222,bmu,2013,0
7222,bmu,2014,0
7222,bmu,2015,0
7222,bmu,2016,0
7222,bol,1995,0
7222,bol,1996,0
7222,bol,1997,0
7222,bol,1998,0
7222,bol,1999,0
7222,bol,2000,0
7222,bol,2001,0
7222,bol,2002,0.029545
7222,bol,2003,0.062286
7222,bol,2004,0
7222,bol,2005,0.018777
7222,bol,2006,0.003062
7222,bol,2007,0
7222,bol,2008,0.000385
7222,bol,2009,0
7222,bol,2010,0
7222,bol,2011,0.001357
7222,bol,2012,0
7222,bol,2013,0
7222,bol,2014,0
7222,bol,2015,0
7222,bol,2016,0
7222,bra,1995,1.713508
7222,bra,1996,1.672692
7222,bra,1997,1.510017
7222,bra,1998,1.279133
7222,bra,1999,1.549182
7222,bra,2000,1.073801
7222,bra,2001,0.85053
7222,bra,2002,0.830795
7222,bra,2003,0.849472
7222,bra,2004,0.640952
7222,bra,2005,0.688543
7222,bra,2006,0.622063
7222,bra,2007,0.508026
7222,bra,2008,0.497399
7222,bra,2009,0.464164
7222,bra,2010,0.493565
7222,bra,2011,0.460215
7222,bra,2012,0.424165
7222,bra,2013,0.424847
7222,bra,2014,0.379447
7222,bra,2015,0.431787
7222,bra,2016,0.371686
7222,brb,1995,0
7222,brb,1996,0.264666
7222,brb,1997,0.011437
7222,brb,1998,0
7222,brb,1999,0.063136
7222,brb,2000,0.002605
7222,brb,2001,0.001126
7222,brb,2002,0.010605
7222,brb,2003,0.009676
7222,brb,2004,0
7222,brb,2005,0.003264
7222,brb,2006,0.002187
7222,brb,2007,0.024953
7222,brb,2008,0.008945
7222,brb,2009,0.009389
7222,brb,2010,0
7222,brb,2011,0.028339
7222,brb,2012,0.009918
7222,brb,2013,0
7222,brb,2014,0.047691
7222,brb,2015,0.078032
7222,brb,2016,0
7222,brn,1995,0
7222,brn,1996,0
7222,brn,1997,0.003839
7222,brn,1998,0
7222,brn,1999,0
7222,brn,2000,0
7222,brn,2001,0.000496
7222,brn,2002,0.005882
7222,brn,2003,0.00044
7222,brn,2004,0.000523
7222,brn,2005,0.004087
7222,brn,2006,0.002403
7222,brn,2007,0.001886
7222,brn,2008,0.000495
7222,brn,2009,0.006587
7222,brn,2010,0.000242
7222,brn,2011,0.000141
7222,brn,2012,0.000889
7222,brn,2013,0
7222,brn,2014,0.000595
7222,brn,2015,0.000069
7222,brn,2016,0
7222,btn,1995,0
7222,btn,1996,0
7222,btn,1997,0
7222,btn,1998,0
7222,btn,1999,0
7222,btn,2000,0
7222,btn,2001,6.394227
7222,btn,2002,0
7222,btn,2003,0
7222,btn,2004,0
7222,btn,2005,0
7222,btn,2006,0
7222,btn,2007,0
7222,btn,2008,0
7222,btn,2009,0
7222,btn,2010,0
7222,btn,2011,0
7222,btn,2012,0
7222,btn,2013,0
7222,btn,2014,0
7222,btn,2015,0
7222,btn,2016,0
7222,caf,1995,0
7222,caf,1996,0
7222,caf,1997,0
7222,caf,1998,0
7222,caf,1999,0
7222,caf,2000,0
7222,caf,2001,0
7222,caf,2002,0
7222,caf,2003,0
7222,caf,2004,0
7222,caf,2005,0
7222,caf,2006,0.023249
7222,caf,2007,0
7222,caf,2008,0
7222,caf,2009,0
7222,caf,2010,0
7222,caf,2011,0
7222,caf,2012,0
7222,caf,2013,0
7222,caf,2014,0
7222,caf,2015,0
7222,caf,2016,0
7222,can,1995,0.530671
7222,can,1996,0.625446
7222,can,1997,0.709847
7222,can,1998,0.573624
7222,can,1999,0.552265
7222,can,2000,0.576423
7222,can,2001,0.632287
7222,can,2002,0.530532
7222,can,2003,0.361865
7222,can,2004,0.065084
7222,can,2005,0.075062
7222,can,2006,0.060221
7222,can,2007,0.046371
7222,can,2008,0.051283
7222,can,2009,0.179257
7222,can,2010,0.067065
7222,can,2011,0.051713
7222,can,2012,0.051034
7222,can,2013,0.055976
7222,can,2014,0.053869
7222,can,2015,0.069335
7222,can,2016,0.046603
7222,cck,1995,0
7222,cck,1996,0
7222,cck,1997,0
7222,cck,1998,0
7222,cck,1999,0
7222,cck,2000,0
7222,cck,2001,0
7222,cck,2002,0
7222,cck,2003,0
7222,cck,2004,0
7222,cck,2005,0
7222,cck,2006,0
7222,cck,2007,0
7222,cck,2008,0
7222,cck,2009,0
7222,cck,2010,0
7222,cck,2011,0
7222,cck,2012,0.112602
7222,cck,2013,0
7222,cck,2014,0
7222,cck,2015,0
7222,cck,2016,0
7222,che,1995,0.796957
7222,che,1996,0.819431
7222,che,1997,1.192694
7222,che,1998,1.236323
7222,che,1999,1.584789
7222,che,2000,2.27445
7222,che,2001,1.660151
7222,che,2002,1.556261
7222,che,2003,1.680781
7222,che,2004,1.808989
7222,che,2005,1.899395
7222,che,2006,1.592005
7222,che,2007,1.439729
7222,che,2008,1.304269
7222,che,2009,1.234983
7222,che,2010,1.351042
7222,che,2011,1.214703
7222,che,2012,0.887408
7222,che,2013,0.85942
7222,che,2014,1.015847
7222,che,2015,0.9963
7222,che,2016,1.005522
7222,chl,1995,0.009245
7222,chl,1996,0.014039
7222,chl,1997,0.003146
7222,chl,1998,0.007772
7222,chl,1999,0.004583
7222,chl,2000,0.017732
7222,chl,2001,0.017684
7222,chl,2002,0.010423
7222,chl,2003,0.011695
7222,chl,2004,0.009482
7222,chl,2005,0.011882
7222,chl,2006,0.010662
7222,chl,2007,0.01538
7222,chl,2008,0.026604
7222,chl,2009,0.020541
7222,chl,2010,0.009027
7222,chl,2011,0.009545
7222,chl,2012,0.003089
7222,chl,2013,0.006979
7222,chl,2014,0.013817
7222,chl,2015,0.009475
7222,chl,2016,0.003691
7222,chn,1995,0.064114
7222,chn,1996,0.095836
7222,chn,1997,0.054934
7222,chn,1998,0.031608
7222,chn,1999,0.058108
7222,chn,2000,0.048799
7222,chn,2001,0.061489
7222,chn,2002,0.081618
7222,chn,2003,0.098818
7222,chn,2004,0.199208
7222,chn,2005,0.248657
7222,chn,2006,0.261674
7222,chn,2007,0.28109
7222,chn,2008,0.256823
7222,chn,2009,0.293896
7222,chn,2010,0.287036
7222,chn,2011,0.360434
7222,chn,2012,0.292076
7222,chn,2013,0.286244
7222,chn,2014,0.285195
7222,chn,2015,0.269691
7222,chn,2016,0.362552
7222,civ,1995,0.000188
7222,civ,1996,0.869329
7222,civ,1997,0.008892
7222,civ,1998,0.008068
7222,civ,1999,0
7222,civ,2000,0
7222,civ,2001,0.050157
7222,civ,2002,0.001468
7222,civ,2003,0.000482
7222,civ,2004,0.000946
7222,civ,2005,0
7222,civ,2006,0.000151
7222,civ,2007,0.003913
7222,civ,2008,0.003916
7222,civ,2009,0.066757
7222,civ,2010,0.00357
7222,civ,2011,0.004607
7222,civ,2012,0.000601
7222,civ,2013,0.001247
7222,civ,2014,0.052412
7222,civ,2015,0.001096
7222,civ,2016,0.000108
7222,cmr,1995,0
7222,cmr,1996,0
7222,cmr,1997,0
7222,cmr,1998,0
7222,cmr,1999,0
7222,cmr,2000,0
7222,cmr,2001,0
7222,cmr,2002,0.057175
7222,cmr,2003,0
7222,cmr,2004,0.000201
7222,cmr,2005,0.00159
7222,cmr,2006,0.000618
7222,cmr,2007,0.000251
7222,cmr,2008,0
7222,cmr,2009,0.113661
7222,cmr,2010,0
7222,cmr,2011,0.000208
7222,cmr,2012,0
7222,cmr,2013,0.005722
7222,cmr,2014,0
7222,cmr,2015,0.002572
7222,cmr,2016,0.167338
7222,cod,1995,0.001223
7222,cod,1996,0
7222,cod,1997,0
7222,cod,1998,0
7222,cod,1999,0.09759
7222,cod,2000,0
7222,cod,2001,0
7222,cod,2002,0
7222,cod,2003,0
7222,cod,2004,0.004512
7222,cod,2005,0
7222,cod,2006,0.007632
7222,cod,2007,0.002324
7222,cod,2008,0.006377
7222,cod,2009,0
7222,cod,2010,0
7222,cod,2011,0
7222,cod,2012,0.000975
7222,cod,2013,0.002683
7222,cod,2014,0.001254
7222,cod,2015,0
7222,cod,2016,0.033838
7222,cog,1995,0
7222,cog,1996,0
7222,cog,1997,0
7222,cog,1998,0
7222,cog,1999,0
7222,cog,2000,0
7222,cog,2001,0
7222,cog,2002,0
7222,cog,2003,0
7222,cog,2004,0
7222,cog,2005,0
7222,cog,2006,0
7222,cog,2007,0.001747
7222,cog,2008,0
7222,cog,2009,0
7222,cog,2010,0.002476
7222,cog,2011,0.003067
7222,cog,2012,0.002522
7222,cog,2013,0.000881
7222,cog,2014,0.001215
7222,cog,2015,0
7222,cog,2016,0
7222,cok,1995,0
7222,cok,1996,0
7222,cok,1997,0
7222,cok,1998,0
7222,cok,1999,0
7222,cok,2000,0
7222,cok,2001,0
7222,cok,2002,0
7222,cok,2003,0
7222,cok,2004,0
7222,cok,2005,3.598993
7222,cok,2006,11.852653
7222,cok,2007,0
7222,cok,2008,0
7222,cok,2009,0
7222,cok,2010,0
7222,cok,2011,0
7222,cok,2012,0
7222,cok,2013,0
7222,cok,2014,0
7222,cok,2015,0
7222,cok,2016,0
7222,col,1995,0.061109
7222,col,1996,0.132894
7222,col,1997,0.011747
7222,col,1998,0.000049
7222,col,1999,0
7222,col,2000,0.00402
7222,col,2001,0.0052
7222,col,2002,0.134045
7222,col,2003,0.009768
7222,col,2004,0.005295
7222,col,2005,0.01125
7222,col,2006,0.003024
7222,col,2007,0.003137
7222,col,2008,0.001926
7222,col,2009,0.001548
7222,col,2010,0.001191
7222,col,2011,0.009155
7222,col,2012,0.040327
7222,col,2013,0.00389
7222,col,2014,0.006128
7222,col,2015,0.009201
7222,col,2016,0.009796
7222,com,1995,0
7222,com,1996,0
7222,com,1997,0
7222,com,1998,0
7222,com,1999,0
7222,com,2000,0
7222,com,2001,0
7222,com,2002,0
7222,com,2003,0
7222,com,2004,0
7222,com,2005,0
7222,com,2006,0
7222,com,2007,0
7222,com,2008,0
7222,com,2009,0
7222,com,2010,0
7222,com,2011,0
7222,com,2012,0
7222,com,2013,0
7222,com,2014,0
7222,com,2015,0
7222,com,2016,0
7222,cpv,1995,0
7222,cpv,1996,0
7222,cpv,1997,0
7222,cpv,1998,0
7222,cpv,1999,0
7222,cpv,2000,5.365478
7222,cpv,2001,0
7222,cpv,2002,0
7222,cpv,2003,0
7222,cpv,2004,0
7222,cpv,2005,0
7222,cpv,2006,1.082656
7222,cpv,2007,0.006145
7222,cpv,2008,0
7222,cpv,2009,0
7222,cpv,2010,0
7222,cpv,2011,0
7222,cpv,2012,0
7222,cpv,2013,0
7222,cpv,2014,0
7222,cpv,2015,0
7222,cpv,2016,0
7222,cri,1995,0
7222,cri,1996,0.009146
7222,cri,1997,0.002649
7222,cri,1998,0.009537
7222,cri,1999,0
7222,cri,2000,0.009231
7222,cri,2001,0.010366
7222,cri,2002,0.010051
7222,cri,2003,0.007975
7222,cri,2004,0.016131
7222,cri,2005,0.024978
7222,cri,2006,0.021406
7222,cri,2007,0.01368
7222,cri,2008,0.019953
7222,cri,2009,0.011608
7222,cri,2010,0.029924
7222,cri,2011,0.009888
7222,cri,2012,0.018213
7222,cri,2013,0.010082
7222,cri,2014,0.03169
7222,cri,2015,0.036753
7222,cri,2016,0.120854
7222,cub,1995,0
7222,cub,1996,0
7222,cub,1997,0
7222,cub,1998,0
7222,cub,1999,0.048166
7222,cub,2000,0.004369
7222,cub,2001,0
7222,cub,2002,0
7222,cub,2003,0
7222,cub,2004,0
7222,cub,2005,0
7222,cub,2006,0.004977
7222,cub,2007,0
7222,cub,2008,0
7222,cub,2009,0
7222,cub,2010,1.044791
7222,cub,2011,0
7222,cub,2012,0
7222,cub,2013,0.00021
7222,cub,2014,0.000244
7222,cub,2015,0
7222,cub,2016,0
7222,cxr,1995,0
7222,cxr,1996,0
7222,cxr,1997,0
7222,cxr,1998,0
7222,cxr,1999,0
7222,cxr,2000,0
7222,cxr,2001,0
7222,cxr,2002,0
7222,cxr,2003,0
7222,cxr,2004,0
7222,cxr,2005,0
7222,cxr,2006,0
7222,cxr,2007,0
7222,cxr,2008,0
7222,cxr,2009,0
7222,cxr,2010,0
7222,cxr,2011,0
7222,cxr,2012,0
7222,cxr,2013,0
7222,cxr,2014,0
7222,cxr,2015,0.083005
7222,cxr,2016,0
7222,cym,1995,0
7222,cym,1996,0
7222,cym,1997,0.376977
7222,cym,1998,1.016852
7222,cym,1999,0
7222,cym,2000,0
7222,cym,2001,0
7222,cym,2002,0
7222,cym,2003,0
7222,cym,2004,0
7222,cym,2005,0
7222,cym,2006,0
7222,cym,2007,0
7222,cym,2008,0.005563
7222,cym,2009,0
7222,cym,2010,0
7222,cym,2011,0
7222,cym,2012,0.000631
7222,cym,2013,0
7222,cym,2014,0
7222,cym,2015,0
7222,cym,2016,0
7222,cyp,1995,0
7222,cyp,1996,0.084091
7222,cyp,1997,0.13121
7222,cyp,1998,0
7222,cyp,1999,0.339743
7222,cyp,2000,1.334796
7222,cyp,2001,0.694177
7222,cyp,2002,0.959177
7222,cyp,2003,0.191283
7222,cyp,2004,0.030353
7222,cyp,2005,0.009222
7222,cyp,2006,0.012759
7222,cyp,2007,0.163322
7222,cyp,2008,0.022063
7222,cyp,2009,0.339475
7222,cyp,2010,0.081943
7222,cyp,2011,0.046181
7222,cyp,2012,0.002413
7222,cyp,2013,0.064331
7222,cyp,2014,0.014434
7222,cyp,2015,0.013847
7222,cyp,2016,0.014321
7222,cze,1995,1.034334
7222,cze,1996,0.904379
7222,cze,1997,0.405643
7222,cze,1998,0.440533
7222,cze,1999,0.530393
7222,cze,2000,0.888505
7222,cze,2001,0.49187
7222,cze,2002,0.306625
7222,cze,2003,0.378652
7222,cze,2004,0.408052
7222,cze,2005,0.505878
7222,cze,2006,0.507578
7222,cze,2007,0.512597
7222,cze,2008,0.551794
7222,cze,2009,0.542412
7222,cze,2010,0.516555
7222,cze,2011,0.639763
7222,cze,2012,0.79601
7222,cze,2013,0.646087
7222,cze,2014,0.807076
7222,cze,2015,0.602144
7222,cze,2016,0.425992
7222,deu,1995,1.235138
7222,deu,1996,1.272546
7222,deu,1997,1.283845
7222,deu,1998,1.313864
7222,deu,1999,1.127613
7222,deu,2000,1.236888
7222,deu,2001,1.187329
7222,deu,2002,1.196023
7222,deu,2003,1.169152
7222,deu,2004,1.121065
7222,deu,2005,1.212258
7222,deu,2006,1.259427
7222,deu,2007,1.275633
7222,deu,2008,1.427522
7222,deu,2009,1.538862
7222,deu,2010,1.612719
7222,deu,2011,1.688834
7222,deu,2012,1.820217
7222,deu,2013,1.875405
7222,deu,2014,1.755412
7222,deu,2015,1.620908
7222,deu,2016,1.565433
7222,dji,1995,0
7222,dji,1996,0
7222,dji,1997,41.75034
7222,dji,1998,0
7222,dji,1999,0
7222,dji,2000,0
7222,dji,2001,0
7222,dji,2002,0
7222,dji,2003,0
7222,dji,2004,0
7222,dji,2005,7.328395
7222,dji,2006,0
7222,dji,2007,0
7222,dji,2008,0.001607
7222,dji,2009,0
7222,dji,2010,0
7222,dji,2011,0
7222,dji,2012,0
7222,dji,2013,0
7222,dji,2014,0
7222,dji,2015,0
7222,dji,2016,0
7222,dma,1995,0
7222,dma,1996,0
7222,dma,1997,0
7222,dma,1998,0
7222,dma,1999,0.018836
7222,dma,2000,0
7222,dma,2001,0.120219
7222,dma,2002,0
7222,dma,2003,0
7222,dma,2004,0
7222,dma,2005,0
7222,dma,2006,0
7222,dma,2007,1.879317
7222,dma,2008,0.845243
7222,dma,2009,0.18375
7222,dma,2010,0
7222,dma,2011,0
7222,dma,2012,3.201542
7222,dma,2013,5.275125
7222,dma,2014,0
7222,dma,2015,0
7222,dma,2016,0
7222,dnk,1995,0.782093
7222,dnk,1996,0.61121
7222,dnk,1997,0.792562
7222,dnk,1998,0.884517
7222,dnk,1999,0.882975
7222,dnk,2000,1.035783
7222,dnk,2001,1.12426
7222,dnk,2002,1.307942
7222,dnk,2003,1.176739
7222,dnk,2004,0.992953
7222,dnk,2005,1.021184
7222,dnk,2006,1.125738
7222,dnk,2007,1.144739
7222,dnk,2008,1.243048
7222,dnk,2009,1.282039
7222,dnk,2010,1.224677
7222,dnk,2011,1.158137
7222,dnk,2012,1.060232
7222,dnk,2013,1.101486
7222,dnk,2014,1.016711
7222,dnk,2015,0.935799
7222,dnk,2016,0.916518
7222,dom,1995,0
7222,dom,1996,0.050763
7222,dom,1997,0
7222,dom,1998,0.001727
7222,dom,1999,0
7222,dom,2000,0
7222,dom,2001,0
7222,dom,2002,0.003836
7222,dom,2003,0
7222,dom,2004,0.000072
7222,dom,2005,0
7222,dom,2006,0.001768
7222,dom,2007,0.030009
7222,dom,2008,0.126618
7222,dom,2009,0.002249
7222,dom,2010,0.265326
7222,dom,2011,0.00205
7222,dom,2012,0.015366
7222,dom,2013,0.044654
7222,dom,2014,0.015875
7222,dom,2015,0.032606
7222,dom,2016,0.007247
7222,dza,1995,0
7222,dza,1996,0
7222,dza,1997,0
7222,dza,1998,0
7222,dza,1999,0
7222,dza,2000,0
7222,dza,2001,0
7222,dza,2002,0
7222,dza,2003,0
7222,dza,2004,0
7222,dza,2005,0.00017
7222,dza,2006,0
7222,dza,2007,0
7222,dza,2008,0.000726
7222,dza,2009,0
7222,dza,2010,0
7222,dza,2011,0.000049
7222,dza,2012,0.004179
7222,dza,2013,0
7222,dza,2014,0
7222,dza,2015,0.000083
7222,dza,2016,0
7222,ecu,1995,0.030756
7222,ecu,1996,0
7222,ecu,1997,0
7222,ecu,1998,0.027099
7222,ecu,1999,0.032792
7222,ecu,2000,0.005826
7222,ecu,2001,0
7222,ecu,2002,0.011636
7222,ecu,2003,0.014612
7222,ecu,2004,0
7222,ecu,2005,0.000403
7222,ecu,2006,0.005756
7222,ecu,2007,0.00895
7222,ecu,2008,0.02133
7222,ecu,2009,0.000201
7222,ecu,2010,0.001645
7222,ecu,2011,0.016393
7222,ecu,2012,0.009802
7222,ecu,2013,0.014747
7222,ecu,2014,0.007114
7222,ecu,2015,0.000263
7222,ecu,2016,0.069279
7222,egy,1995,0.675356
7222,egy,1996,0.392624
7222,egy,1997,0.012221
7222,egy,1998,0.046639
7222,egy,1999,0.017594
7222,egy,2000,0.004197
7222,egy,2001,0.003048
7222,egy,2002,0.008047
7222,egy,2003,0.095144
7222,egy,2004,0.090117
7222,egy,2005,0.354366
7222,egy,2006,0.501753
7222,egy,2007,0.397053
7222,egy,2008,0.125602
7222,egy,2009,0.513818
7222,egy,2010,0.152331
7222,egy,2011,0.122157
7222,egy,2012,0.493035
7222,egy,2013,0.184875
7222,egy,2014,0.006737
7222,egy,2015,0.117868
7222,egy,2016,0.154354
7222,eri,1995,13.02366
7222,eri,1996,0
7222,eri,1997,0
7222,eri,1998,0
7222,eri,1999,0
7222,eri,2000,0
7222,eri,2001,0
7222,eri,2002,0
7222,eri,2003,0
7222,eri,2004,0
7222,eri,2005,2.142259
7222,eri,2006,0
7222,eri,2007,0
7222,eri,2008,0
7222,eri,2009,0
7222,eri,2010,0
7222,eri,2011,0
7222,eri,2012,0.040551
7222,eri,2013,0.022447
7222,eri,2014,0.012376
7222,eri,2015,0
7222,eri,2016,0
7222,esh,1995,0
7222,esh,1996,0
7222,esh,1997,0
7222,esh,1998,0
7222,esh,1999,0
7222,esh,2000,0
7222,esh,2001,0
7222,esh,2002,0
7222,esh,2003,0
7222,esh,2004,0
7222,esh,2005,0
7222,esh,2006,0
7222,esh,2007,0
7222,esh,2008,0
7222,esh,2009,0
7222,esh,2010,0
7222,esh,2011,0
7222,esh,2012,0
7222,esh,2013,0
7222,esh,2014,0
7222,esh,2015,0
7222,esh,2016,1.506285
7222,esp,1995,4.822797
7222,esp,1996,3.965524
7222,esp,1997,4.250808
7222,esp,1998,4.41543
7222,esp,1999,4.372693
7222,esp,2000,4.997727
7222,esp,2001,4.701205
7222,esp,2002,4.826875
7222,esp,2003,5.040544
7222,esp,2004,5.596367
7222,esp,2005,5.496396
7222,esp,2006,6.103061
7222,esp,2007,6.304369
7222,esp,2008,5.259154
7222,esp,2009,4.255024
7222,esp,2010,5.797523
7222,esp,2011,4.462365
7222,esp,2012,4.479159
7222,esp,2013,4.002136
7222,esp,2014,4.120718
7222,esp,2015,3.869505
7222,esp,2016,3.61144
7222,est,1995,0.321974
7222,est,1996,0.126434
7222,est,1997,0.128989
7222,est,1998,0.168654
7222,est,1999,0.183859
7222,est,2000,0.036031
7222,est,2001,7.35222
7222,est,2002,4.115776
7222,est,2003,8.346621
7222,est,2004,0.109649
7222,est,2005,0.288248
7222,est,2006,0.410163
7222,est,2007,0.870519
7222,est,2008,0.782597
7222,est,2009,0.640257
7222,est,2010,0.541039
7222,est,2011,0.47776
7222,est,2012,11.009454
7222,est,2013,0.505107
7222,est,2014,0.523424
7222,est,2015,0.332596
7222,est,2016,0.42737
7222,eth,1995,0
7222,eth,1996,0
7222,eth,1997,0
7222,eth,1998,0.012049
7222,eth,1999,0
7222,eth,2000,0
7222,eth,2001,0
7222,eth,2002,0
7222,eth,2003,0.026494
7222,eth,2004,0
7222,eth,2005,0
7222,eth,2006,0
7222,eth,2007,0.076292
7222,eth,2008,0.007211
7222,eth,2009,0
7222,eth,2010,0
7222,eth,2011,0
7222,eth,2012,0
7222,eth,2013,0.000302
7222,eth,2014,0.447675
7222,eth,2015,0.472123
7222,eth,2016,0
7222,fin,1995,0.17798
7222,fin,1996,0.16673
7222,fin,1997,0.186616
7222,fin,1998,0.142571
7222,fin,1999,0.173568
7222,fin,2000,0.298202
7222,fin,2001,0.189153
7222,fin,2002,0.209877
7222,fin,2003,0.135529
7222,fin,2004,0.139507
7222,fin,2005,0.154528
7222,fin,2006,0.187018
7222,fin,2007,0.19808
7222,fin,2008,0.127301
7222,fin,2009,0.143591
7222,fin,2010,0.196747
7222,fin,2011,0.337826
7222,fin,2012,0.412998
7222,fin,2013,0.233168
7222,fin,2014,0.202631
7222,fin,2015,0.277059
7222,fin,2016,0.20434
7222,fji,1995,0
7222,fji,1996,0.003148
7222,fji,1997,0.002918
7222,fji,1998,0.005444
7222,fji,1999,0
7222,fji,2000,0.003059
7222,fji,2001,0.03643
7222,fji,2002,0.015755
7222,fji,2003,0.154334
7222,fji,2004,0.07864
7222,fji,2005,0.045422
7222,fji,2006,0.098514
7222,fji,2007,0.039384
7222,fji,2008,0.290604
7222,fji,2009,0.492816
7222,fji,2010,0.484836
7222,fji,2011,0.322067
7222,fji,2012,0.119692
7222,fji,2013,0.789872
7222,fji,2014,0.235507
7222,fji,2015,0.796254
7222,fji,2016,0.871913
7222,flk,1995,0
7222,flk,1996,0
7222,flk,1997,0
7222,flk,1998,0
7222,flk,1999,0
7222,flk,2000,0
7222,flk,2001,0
7222,flk,2002,0
7222,flk,2003,0
7222,flk,2004,0
7222,flk,2005,0
7222,flk,2006,0
7222,flk,2007,0
7222,flk,2008,0
7222,flk,2009,0
7222,flk,2010,0
7222,flk,2011,0
7222,flk,2012,0
7222,flk,2013,0
7222,flk,2014,0
7222,flk,2015,0
7222,flk,2016,0
7222,fra,1995,1.975087
7222,fra,1996,1.949292
7222,fra,1997,1.872029
7222,fra,1998,1.776267
7222,fra,1999,1.792301
7222,fra,2000,1.792255
7222,fra,2001,1.853398
7222,fra,2002,1.737942
7222,fra,2003,1.844807
7222,fra,2004,1.851017
7222,fra,2005,2.013268
7222,fra,2006,1.806462
7222,fra,2007,1.956485
7222,fra,2008,1.909485
7222,fra,2009,1.779534
7222,fra,2010,1.824204
7222,fra,2011,1.875761
7222,fra,2012,2.020283
7222,fra,2013,2.18364
7222,fra,2014,2.103154
7222,fra,2015,1.990726
7222,fra,2016,1.959866
7222,fro,1995,0.010224
7222,fro,1996,0
7222,fro,1997,0
7222,fro,1998,0
7222,fro,1999,0.186079
7222,fro,2000,0
7222,fro,2001,0
7222,fro,2002,0
7222,fro,2003,0.008005
7222,fro,2004,0.007782
7222,fro,2005,0
7222,fro,2006,0
7222,fro,2007,0.087926
7222,fro,2008,0.026839
7222,fro,2009,0
7222,fro,2010,0
7222,fro,2011,0.001406
7222,fro,2012,0
7222,fro,2013,0
7222,fro,2014,0
7222,fro,2015,0
7222,fro,2016,0
7222,fsm,1995,0
7222,fsm,1996,0
7222,fsm,1997,0
7222,fsm,1998,0
7222,fsm,1999,0
7222,fsm,2000,0
7222,fsm,2001,0
7222,fsm,2002,0
7222,fsm,2003,0
7222,fsm,2004,0
7222,fsm,2005,0
7222,fsm,2006,0
7222,fsm,2007,0
7222,fsm,2008,0
7222,fsm,2009,0
7222,fsm,2010,0
7222,fsm,2011,0
7222,fsm,2012,0
7222,fsm,2013,0
7222,fsm,2014,0
7222,fsm,2015,0
7222,fsm,2016,0
7222,gab,1995,0
7222,gab,1996,0
7222,gab,1997,0
7222,gab,1998,0
7222,gab,1999,0
7222,gab,2000,0
7222,gab,2001,0
7222,gab,2002,0.186205
7222,gab,2003,0.039054
7222,gab,2004,0.01582
7222,gab,2005,0.00016
7222,gab,2006,0
7222,gab,2007,0.000202
7222,gab,2008,0
7222,gab,2009,0
7222,gab,2010,0
7222,gab,2011,0.002986
7222,gab,2012,0.00041
7222,gab,2013,0.000494
7222,gab,2014,0.01031
7222,gab,2015,0
7222,gab,2016,0
7222,gbr,1995,0.45944
7222,gbr,1996,0.500448
7222,gbr,1997,0.586794
7222,gbr,1998,0.585736
7222,gbr,1999,0.584935
7222,gbr,2000,0.525145
7222,gbr,2001,0.647751
7222,gbr,2002,0.76306
7222,gbr,2003,0.680248
7222,gbr,2004,0.71116
7222,gbr,2005,0.775817
7222,gbr,2006,0.884246
7222,gbr,2007,0.881131
7222,gbr,2008,0.956387
7222,gbr,2009,1.266656
7222,gbr,2010,1.156332
7222,gbr,2011,1.350058
7222,gbr,2012,1.488655
7222,gbr,2013,1.476287
7222,gbr,2014,1.474973
7222,gbr,2015,1.290998
7222,gbr,2016,1.129083
7222,geo,1995,0
7222,geo,1996,0.149499
7222,geo,1997,0.058198
7222,geo,1998,0.20894
7222,geo,1999,0.359463
7222,geo,2000,0.01291
7222,geo,2001,0.080618
7222,geo,2002,0
7222,geo,2003,0.022832
7222,geo,2004,0.057713
7222,geo,2005,0.05197
7222,geo,2006,0.011253
7222,geo,2007,0.129745
7222,geo,2008,0.000097
7222,geo,2009,0.055722
7222,geo,2010,0.021776
7222,geo,2011,0.002971
7222,geo,2012,0.011339
7222,geo,2013,0.064611
7222,geo,2014,0.00091
7222,geo,2015,0.004651
7222,geo,2016,0.014105
7222,gha,1995,0.004789
7222,gha,1996,0.196469
7222,gha,1997,0.503949
7222,gha,1998,0.158203
7222,gha,1999,0.241894
7222,gha,2000,0.614278
7222,gha,2001,0.008478
7222,gha,2002,0
7222,gha,2003,0.009379
7222,gha,2004,0.001106
7222,gha,2005,0
7222,gha,2006,0
7222,gha,2007,0.00325
7222,gha,2008,0.000223
7222,gha,2009,0.050255
7222,gha,2010,0.025133
7222,gha,2011,0.000044
7222,gha,2012,0
7222,gha,2013,0.000613
7222,gha,2014,0.005963
7222,gha,2015,0.031417
7222,gha,2016,0.000373
7222,gib,1995,0
7222,gib,1996,0
7222,gib,1997,0
7222,gib,1998,0.021185
7222,gib,1999,0
7222,gib,2000,0
7222,gib,2001,0.202207
7222,gib,2002,0
7222,gib,2003,0.744973
7222,gib,2004,0
7222,gib,2005,0
7222,gib,2006,0.702372
7222,gib,2007,0.012873
7222,gib,2008,0.017343
7222,gib,2009,0
7222,gib,2010,0.035027
7222,gib,2011,0.014632
7222,gib,2012,0.019023
7222,gib,2013,0.583714
7222,gib,2014,0.003487
7222,gib,2015,0.035258
7222,gib,2016,0
7222,gin,1995,0
7222,gin,1996,0
7222,gin,1997,0
7222,gin,1998,0
7222,gin,1999,0
7222,gin,2000,0
7222,gin,2001,0
7222,gin,2002,0
7222,gin,2003,0
7222,gin,2004,0
7222,gin,2005,0
7222,gin,2006,0
7222,gin,2007,0
7222,gin,2008,0.001134
7222,gin,2009,0
7222,gin,2010,0.014993
7222,gin,2011,0
7222,gin,2012,0.000313
7222,gin,2013,0.002666
7222,gin,2014,0
7222,gin,2015,0
7222,gin,2016,0
7222,glp,1995,0
7222,gmb,1995,0
7222,gmb,1996,0
7222,gmb,1997,0
7222,gmb,1998,0
7222,gmb,1999,0
7222,gmb,2000,0
7222,gmb,2001,0
7222,gmb,2002,1.031629
7222,gmb,2003,5.899327
7222,gmb,2004,0
7222,gmb,2005,0.071084
7222,gmb,2006,0
7222,gmb,2007,0
7222,gmb,2008,0
7222,gmb,2009,1.701527
7222,gmb,2010,0
7222,gmb,2011,0
7222,gmb,2012,0
7222,gmb,2013,0
7222,gmb,2014,0
7222,gmb,2015,0
7222,gmb,2016,0
7222,gnb,1995,0
7222,gnb,1996,0
7222,gnb,1997,0
7222,gnb,1998,0
7222,gnb,1999,0
7222,gnb,2000,0
7222,gnb,2001,0
7222,gnb,2002,0
7222,gnb,2003,0
7222,gnb,2004,0
7222,gnb,2005,0
7222,gnb,2006,0
7222,gnb,2007,0
7222,gnb,2008,0
7222,gnb,2009,0
7222,gnb,2010,0
7222,gnb,2011,0
7222,gnb,2012,0
7222,gnb,2013,0
7222,gnb,2014,0
7222,gnb,2015,0
7222,gnb,2016,0
7222,gnq,1995,0
7222,gnq,1996,0
7222,gnq,1997,0
7222,gnq,1998,0
7222,gnq,1999,0
7222,gnq,2000,0
7222,gnq,2001,0
7222,gnq,2002,0
7222,gnq,2003,0
7222,gnq,2004,0
7222,gnq,2005,0
7222,gnq,2006,0
7222,gnq,2007,0
7222,gnq,2008,0
7222,gnq,2009,0.000447
7222,gnq,2010,0
7222,gnq,2011,0.00202
7222,gnq,2012,0
7222,gnq,2013,0
7222,gnq,2014,0
7222,gnq,2015,0
7222,gnq,2016,0
7222,grc,1995,0.183744
7222,grc,1996,0.04525
7222,grc,1997,0.095253
7222,grc,1998,0.051647
7222,grc,1999,0.048153
7222,grc,2000,0.053176
7222,grc,2001,0.117984
7222,grc,2002,0.144362
7222,grc,2003,0.085881
7222,grc,2004,0.144711
7222,grc,2005,0.09425
7222,grc,2006,0.132747
7222,grc,2007,0.118967
7222,grc,2008,0.156645
7222,grc,2009,0.247186
7222,grc,2010,0.07915
7222,grc,2011,0.128439
7222,grc,2012,0.037573
7222,grc,2013,0.04468
7222,grc,2014,0.043934
7222,grc,2015,0.057206
7222,grc,2016,0.095191
7222,grd,1995,0
7222,grd,1996,0
7222,grd,1997,0
7222,grd,1998,0
7222,grd,1999,0.047731
7222,grd,2000,0
7222,grd,2001,0
7222,grd,2002,0
7222,grd,2003,0
7222,grd,2004,0
7222,grd,2005,0
7222,grd,2006,0
7222,grd,2007,0.059711
7222,grd,2008,1.272785
7222,grd,2009,0
7222,grd,2010,0
7222,grd,2011,0
7222,grd,2012,0
7222,grd,2013,0
7222,grd,2014,0
7222,grd,2015,0
7222,grd,2016,4.530791
7222,grl,1995,0
7222,grl,1996,0
7222,grl,1997,0
7222,grl,1998,0
7222,grl,1999,0
7222,grl,2000,0
7222,grl,2001,0
7222,grl,2002,0
7222,grl,2003,0
7222,grl,2004,0
7222,grl,2005,0
7222,grl,2006,0
7222,grl,2007,0
7222,grl,2008,0
7222,grl,2009,0
7222,grl,2010,0
7222,grl,2011,0
7222,grl,2012,0
7222,grl,2013,0
7222,grl,2014,0.000699
7222,grl,2015,0
7222,grl,2016,0
7222,gtm,1995,0.001723
7222,gtm,1996,0.004597
7222,gtm,1997,0
7222,gtm,1998,0.000549
7222,gtm,1999,0.039093
7222,gtm,2000,0
7222,gtm,2001,0.005703
7222,gtm,2002,0.014721
7222,gtm,2003,0.007474
7222,gtm,2004,0.002832
7222,gtm,2005,0.006669
7222,gtm,2006,0.059318
7222,gtm,2007,0.016358
7222,gtm,2008,0.018224
7222,gtm,2009,0.022904
7222,gtm,2010,0.011503
7222,gtm,2011,0.007987
7222,gtm,2012,0.018846
7222,gtm,2013,0.007547
7222,gtm,2014,0.01272
7222,gtm,2015,0.008665
7222,gtm,2016,0.033556
7222,guf,1995,0
7222,guy,1995,0
7222,guy,1996,0
7222,guy,1997,0
7222,guy,1998,0
7222,guy,1999,0
7222,guy,2000,0
7222,guy,2001,0
7222,guy,2002,0
7222,guy,2003,0
7222,guy,2004,0
7222,guy,2005,0.001161
7222,guy,2006,0.001099
7222,guy,2007,0.000339
7222,guy,2008,0.004481
7222,guy,2009,0
7222,guy,2010,0
7222,guy,2011,0
7222,guy,2012,0
7222,guy,2013,0.001143
7222,guy,2014,0.005969
7222,guy,2015,0
7222,guy,2016,0.011035
7222,hkg,1995,0.2822
7222,hkg,1996,0.300046
7222,hkg,1997,0.554791
7222,hkg,1998,0.653507
7222,hkg,1999,0.768402
7222,hkg,2000,0.698639
7222,hkg,2001,0.494577
7222,hkg,2002,0.605256
7222,hkg,2003,0.07386
7222,hkg,2004,0.758379
7222,hkg,2005,0.457406
7222,hkg,2006,0.046481
7222,hkg,2007,0.510117
7222,hkg,2008,0.049102
7222,hkg,2009,0.212224
7222,hkg,2010,0.190002
7222,hkg,2011,0.443283
7222,hkg,2012,0.420964
7222,hkg,2013,0.36018
7222,hkg,2014,0.211547
7222,hkg,2015,0.122892
7222,hkg,2016,0.093363
7222,hnd,1995,0
7222,hnd,1996,0.000518
7222,hnd,1997,0
7222,hnd,1998,0
7222,hnd,1999,0
7222,hnd,2000,0.000472
7222,hnd,2001,0
7222,hnd,2002,0.000465
7222,hnd,2003,0
7222,hnd,2004,0
7222,hnd,2005,0.014446
7222,hnd,2006,0
7222,hnd,2007,0.000211
7222,hnd,2008,0.00046
7222,hnd,2009,0.002444
7222,hnd,2010,0.001336
7222,hnd,2011,0
7222,hnd,2012,0.005263
7222,hnd,2013,0.000766
7222,hnd,2014,0.016753
7222,hnd,2015,0.042307
7222,hnd,2016,0.035123
7222,hrv,1995,0.03003
7222,hrv,1996,0.027154
7222,hrv,1997,0.019795
7222,hrv,1998,0.018319
7222,hrv,1999,0.02638
7222,hrv,2000,0.043801
7222,hrv,2001,0.060889
7222,hrv,2002,0.078984
7222,hrv,2003,0.036176
7222,hrv,2004,0.073923
7222,hrv,2005,0.052395
7222,hrv,2006,0.057888
7222,hrv,2007,0.07333
7222,hrv,2008,0.094431
7222,hrv,2009,0.097781
7222,hrv,2010,0.172843
7222,hrv,2011,0.123739
7222,hrv,2012,0.166838
7222,hrv,2013,0.198975
7222,hrv,2014,0.266794
7222,hrv,2015,0.247002
7222,hrv,2016,0.250678
7222,hti,1995,0
7222,hti,1996,0
7222,hti,1997,0
7222,hti,1998,0
7222,hti,1999,0.537417
7222,hti,2000,0
7222,hti,2001,0
7222,hti,2002,0
7222,hti,2003,0
7222,hti,2004,0
7222,hti,2005,0
7222,hti,2006,0.001299
7222,hti,2007,0
7222,hti,2008,0
7222,hti,2009,0
7222,hti,2010,0
7222,hti,2011,0.410554
7222,hti,2012,0
7222,hti,2013,0
7222,hti,2014,0
7222,hti,2015,0
7222,hti,2016,0
7222,hun,1995,0.055227
7222,hun,1996,0.052237
7222,hun,1997,0.05014
7222,hun,1998,0.026982
7222,hun,1999,0.025342
7222,hun,2000,0.034563
7222,hun,2001,0.05328
7222,hun,2002,0.224695
7222,hun,2003,0.085778
7222,hun,2004,0.081481
7222,hun,2005,0.682598
7222,hun,2006,0.04057
7222,hun,2007,0.069138
7222,hun,2008,0.088096
7222,hun,2009,0.067012
7222,hun,2010,0.046341
7222,hun,2011,0.070539
7222,hun,2012,0.051626
7222,hun,2013,0.056153
7222,hun,2014,0.157016
7222,hun,2015,0.108371
7222,hun,2016,0.105304
7222,idn,1995,0.003674
7222,idn,1996,0.02096
7222,idn,1997,0.017675
7222,idn,1998,0.007122
7222,idn,1999,0.02086
7222,idn,2000,0.013824
7222,idn,2001,0.025022
7222,idn,2002,0.034455
7222,idn,2003,0.098537
7222,idn,2004,0.047533
7222,idn,2005,0.023597
7222,idn,2006,0.039953
7222,idn,2007,0.091945
7222,idn,2008,0.052143
7222,idn,2009,0.133287
7222,idn,2010,0.078613
7222,idn,2011,0.049515
7222,idn,2012,0.034579
7222,idn,2013,0.027849
7222,idn,2014,0.014347
7222,idn,2015,0.017898
7222,idn,2016,0.014454
7222,ind,1995,3.848176
7222,ind,1996,3.427015
7222,ind,1997,3.450876
7222,ind,1998,3.327136
7222,ind,1999,3.429892
7222,ind,2000,4.063104
7222,ind,2001,4.854127
7222,ind,2002,6.296153
7222,ind,2003,6.694726
7222,ind,2004,6.696991
7222,ind,2005,7.089838
7222,ind,2006,6.733309
7222,ind,2007,7.201093
7222,ind,2008,7.759012
7222,ind,2009,6.47987
7222,ind,2010,6.203469
7222,ind,2011,6.166492
7222,ind,2012,6.249399
7222,ind,2013,6.40461
7222,ind,2014,6.930958
7222,ind,2015,7.8194
7222,ind,2016,7.042897
7222,iot,1995,0
7222,iot,1996,0
7222,iot,1997,0
7222,iot,1998,0
7222,iot,1999,0
7222,iot,2000,0
7222,iot,2001,0
7222,iot,2002,0
7222,iot,2003,0.110399
7222,iot,2004,0
7222,iot,2005,0
7222,iot,2006,0
7222,iot,2007,0
7222,iot,2008,0
7222,iot,2009,0
7222,iot,2010,0.599365
7222,iot,2011,0
7222,iot,2012,0
7222,iot,2013,0
7222,iot,2014,0
7222,iot,2015,0
7222,iot,2016,0
7222,irl,1995,0.658238
7222,irl,1996,0.934624
7222,irl,1997,0.781569
7222,irl,1998,0.430269
7222,irl,1999,0.234793
7222,irl,2000,0.102705
7222,irl,2001,0.038125
7222,irl,2002,0.039632
7222,irl,2003,0.034176
7222,irl,2004,0.036509
7222,irl,2005,0.026641
7222,irl,2006,0.04096
7222,irl,2007,0.023136
7222,irl,2008,0.024919
7222,irl,2009,0.019005
7222,irl,2010,0.026251
7222,irl,2011,0.027598
7222,irl,2012,0.038703
7222,irl,2013,0.045091
7222,irl,2014,0.054244
7222,irl,2015,0.040818
7222,irl,2016,0.030269
7222,irn,1995,0.008116
7222,irn,1996,0
7222,irn,1997,0.000167
7222,irn,1998,0
7222,irn,1999,0.000654
7222,irn,2000,0.004861
7222,irn,2001,0.005398
7222,irn,2002,0.010443
7222,irn,2003,0.008929
7222,irn,2004,0.010953
7222,irn,2005,0.000114
7222,irn,2006,0.07402
7222,irn,2007,0.006968
7222,irn,2008,0.001026
7222,irn,2009,0.000288
7222,irn,2010,0.00078
7222,irn,2011,0.015425
7222,irn,2012,0.012144
7222,irn,2013,0.044739
7222,irn,2014,0.010571
7222,irn,2015,0.007043
7222,irn,2016,0.00007
7222,irq,1995,0
7222,irq,1996,0
7222,irq,1997,0
7222,irq,1998,0
7222,irq,1999,0
7222,irq,2000,0
7222,irq,2001,0
7222,irq,2002,0
7222,irq,2003,0.012364
7222,irq,2004,0.004587
7222,irq,2005,0
7222,irq,2006,0
7222,irq,2007,0
7222,irq,2008,0
7222,irq,2009,0
7222,irq,2010,0
7222,irq,2011,0
7222,irq,2012,0.000087
7222,irq,2013,0
7222,irq,2014,0
7222,irq,2015,0
7222,irq,2016,0
7222,isl,1995,0
7222,isl,1996,0.001781
7222,isl,1997,0
7222,isl,1998,0
7222,isl,1999,0.011543
7222,isl,2000,0.005475
7222,isl,2001,0.026629
7222,isl,2002,0.009326
7222,isl,2003,0.000487
7222,isl,2004,0.008753
7222,isl,2005,0.018646
7222,isl,2006,0.034949
7222,isl,2007,0.060748
7222,isl,2008,0.000079
7222,isl,2009,0.002488
7222,isl,2010,0.002906
7222,isl,2011,0.000087
7222,isl,2012,0.020064
7222,isl,2013,0.003647
7222,isl,2014,0.000484
7222,isl,2015,0.003595
7222,isl,2016,0.002758
7222,isr,1995,0.027292
7222,isr,1996,0.027942
7222,isr,1997,0.022992
7222,isr,1998,0.038153
7222,isr,1999,0.091491
7222,isr,2000,0.072562
7222,isr,2001,0.110405
7222,isr,2002,0.113699
7222,isr,2003,0.086095
7222,isr,2004,0.053972
7222,isr,2005,0.022597
7222,isr,2006,0.017186
7222,isr,2007,0.027
7222,isr,2008,0.050176
7222,isr,2009,0.036793
7222,isr,2010,0.027121
7222,isr,2011,0.03304
7222,isr,2012,0.010492
7222,isr,2013,0.009564
7222,isr,2014,0.02759
7222,isr,2015,0.040367
7222,isr,2016,0.014123
7222,ita,1995,3.831398
7222,ita,1996,3.470226
7222,ita,1997,4.170605
7222,ita,1998,4.239826
7222,ita,1999,4.590115
7222,ita,2000,4.78742
7222,ita,2001,4.925317
7222,ita,2002,4.813412
7222,ita,2003,4.95164
7222,ita,2004,5.776496
7222,ita,2005,5.707569
7222,ita,2006,6.193061
7222,ita,2007,5.877047
7222,ita,2008,5.303771
7222,ita,2009,5.449076
7222,ita,2010,6.27255
7222,ita,2011,6.270697
7222,ita,2012,5.891134
7222,ita,2013,6.015553
7222,ita,2014,6.147418
7222,ita,2015,6.191048
7222,ita,2016,5.924297
7222,jam,1995,0
7222,jam,1996,0.005057
7222,jam,1997,0
7222,jam,1998,0
7222,jam,1999,0
7222,jam,2000,0.059569
7222,jam,2001,0
7222,jam,2002,0.000855
7222,jam,2003,0.01924
7222,jam,2004,0.036239
7222,jam,2005,0.00122
7222,jam,2006,0.01478
7222,jam,2007,0
7222,jam,2008,0.000095
7222,jam,2009,0
7222,jam,2010,0.05361
7222,jam,2011,0.020228
7222,jam,2012,0
7222,jam,2013,0
7222,jam,2014,0.000421
7222,jam,2015,0.001246
7222,jam,2016,0.001408
7222,jor,1995,0.020162
7222,jor,1996,0.007011
7222,jor,1997,0.040582
7222,jor,1998,0
7222,jor,1999,0.674372
7222,jor,2000,0
7222,jor,2001,0.319784
7222,jor,2002,0.048988
7222,jor,2003,0.55871
7222,jor,2004,0.129114
7222,jor,2005,0.198146
7222,jor,2006,0.23615
7222,jor,2007,0.013966
7222,jor,2008,0.079192
7222,jor,2009,0.79996
7222,jor,2010,0.762558
7222,jor,2011,0.575639
7222,jor,2012,0.183281
7222,jor,2013,0.078781
7222,jor,2014,0.029397
7222,jor,2015,0.045316
7222,jor,2016,0.001705
7222,jpn,1995,1.009394
7222,jpn,1996,1.201887
7222,jpn,1997,1.3367
7222,jpn,1998,1.255443
7222,jpn,1999,1.46653
7222,jpn,2000,1.209744
7222,jpn,2001,1.191829
7222,jpn,2002,1.439369
7222,jpn,2003,1.148604
7222,jpn,2004,0.918586
7222,jpn,2005,0.906881
7222,jpn,2006,0.794198
7222,jpn,2007,0.709208
7222,jpn,2008,0.992159
7222,jpn,2009,1.027846
7222,jpn,2010,1.064201
7222,jpn,2011,1.004473
7222,jpn,2012,0.982539
7222,jpn,2013,1.006569
7222,jpn,2014,1.036016
7222,jpn,2015,1.118264
7222,jpn,2016,1.149393
7222,kaz,1995,0.01699
7222,kaz,1996,0.006545
7222,kaz,1997,0.038823
7222,kaz,1998,0.06884
7222,kaz,1999,0.038109
7222,kaz,2000,0.008454
7222,kaz,2001,0.006752
7222,kaz,2002,0.000055
7222,kaz,2003,0.001501
7222,kaz,2004,0.003823
7222,kaz,2005,0.002012
7222,kaz,2006,0.003421
7222,kaz,2007,0.003962
7222,kaz,2008,0.005344
7222,kaz,2009,0.012734
7222,kaz,2010,0.007064
7222,kaz,2011,0.00377
7222,kaz,2012,0.006853
7222,kaz,2013,0.009111
7222,kaz,2014,0.01135
7222,kaz,2015,0.011768
7222,kaz,2016,0.028653
7222,ken,1995,0.324056
7222,ken,1996,0.154407
7222,ken,1997,0.354497
7222,ken,1998,0.052638
7222,ken,1999,0.11401
7222,ken,2000,0.050875
7222,ken,2001,0.023267
7222,ken,2002,0.210872
7222,ken,2003,0.05647
7222,ken,2004,0.114917
7222,ken,2005,0.06523
7222,ken,2006,0.106876
7222,ken,2007,0.215384
7222,ken,2008,0.138925
7222,ken,2009,0.124544
7222,ken,2010,0.161841
7222,ken,2011,0.162669
7222,ken,2012,0.09795
7222,ken,2013,0.189592
7222,ken,2014,0.045806
7222,ken,2015,0.021918
7222,ken,2016,0.051469
7222,kgz,1995,0.110432
7222,kgz,1996,0
7222,kgz,1997,2.563279
7222,kgz,1998,0
7222,kgz,1999,0
7222,kgz,2000,0.068997
7222,kgz,2001,0.101199
7222,kgz,2002,0.013921
7222,kgz,2003,0
7222,kgz,2004,0
7222,kgz,2005,0.012333
7222,kgz,2006,0
7222,kgz,2007,0.001838
7222,kgz,2008,0.027414
7222,kgz,2009,0.000423
7222,kgz,2010,0.151966
7222,kgz,2011,0.006238
7222,kgz,2012,0
7222,kgz,2013,0.27221
7222,kgz,2014,0
7222,kgz,2015,0.000334
7222,kgz,2016,0
7222,khm,1995,0
7222,khm,1996,0
7222,khm,1997,0
7222,khm,1998,0
7222,khm,1999,0
7222,khm,2000,0
7222,khm,2001,0
7222,khm,2002,0
7222,khm,2003,0
7222,khm,2004,0
7222,khm,2005,0
7222,khm,2006,0
7222,khm,2007,0
7222,khm,2008,0
7222,khm,2009,0
7222,khm,2010,0
7222,khm,2011,0.000427
7222,khm,2012,0
7222,khm,2013,0.000937
7222,khm,2014,0
7222,khm,2015,0
7222,khm,2016,0.000921
7222,kir,1995,0
7222,kir,1996,0
7222,kir,1997,0
7222,kir,1998,0
7222,kir,1999,0
7222,kir,2000,0
7222,kir,2001,0
7222,kir,2002,0
7222,kir,2003,0
7222,kir,2004,0
7222,kir,2005,0
7222,kir,2006,0
7222,kir,2007,0
7222,kir,2008,0
7222,kir,2009,0
7222,kir,2010,0
7222,kir,2011,0
7222,kir,2012,0
7222,kir,2013,0
7222,kir,2014,0
7222,kir,2015,0
7222,kir,2016,0
7222,kna,1995,0
7222,kna,1996,0
7222,kna,1997,0
7222,kna,1998,0
7222,kna,1999,0
7222,kna,2000,0
7222,kna,2001,0
7222,kna,2002,0.149105
7222,kna,2003,0
7222,kna,2004,0
7222,kna,2005,0
7222,kna,2006,0
7222,kna,2007,0
7222,kna,2008,0
7222,kna,2009,0
7222,kna,2010,0
7222,kna,2011,0
7222,kna,2012,0
7222,kna,2013,0
7222,kna,2014,0
7222,kna,2015,0
7222,kna,2016,0
7222,kor,1995,1.883303
7222,kor,1996,1.989452
7222,kor,1997,1.792725
7222,kor,1998,1.827808
7222,kor,1999,1.77544
7222,kor,2000,1.641784
7222,kor,2001,1.327287
7222,kor,2002,1.084989
7222,kor,2003,1.09263
7222,kor,2004,0.855729
7222,kor,2005,0.810865
7222,kor,2006,0.5996
7222,kor,2007,0.493349
7222,kor,2008,0.564955
7222,kor,2009,0.467753
7222,kor,2010,0.562915
7222,kor,2011,0.424603
7222,kor,2012,0.384819
7222,kor,2013,0.342626
7222,kor,2014,0.301181
7222,kor,2015,0.275032
7222,kor,2016,0.289615
7222,kwt,1995,0.004089
7222,kwt,1996,0.00146
7222,kwt,1997,0
7222,kwt,1998,0
7222,kwt,1999,0
7222,kwt,2000,0
7222,kwt,2001,0.000172
7222,kwt,2002,0.001789
7222,kwt,2003,0.004232
7222,kwt,2004,0.001819
7222,kwt,2005,0.000158
7222,kwt,2006,0.009877
7222,kwt,2007,0.007152
7222,kwt,2008,0.004838
7222,kwt,2009,0.00007
7222,kwt,2010,0.001639
7222,kwt,2011,0.002378
7222,kwt,2012,0.095847
7222,kwt,2013,0.047587
7222,kwt,2014,0.006181
7222,kwt,2015,0.000832
7222,kwt,2016,0
7222,lao,1995,0
7222,lao,1996,0
7222,lao,1997,0
7222,lao,1998,0
7222,lao,1999,0
7222,lao,2000,0
7222,lao,2001,0
7222,lao,2002,0
7222,lao,2003,0
7222,lao,2004,0
7222,lao,2005,0.003034
7222,lao,2006,0
7222,lao,2007,0
7222,lao,2008,0.017764
7222,lao,2009,0
7222,lao,2010,0
7222,lao,2011,0
7222,lao,2012,0.001648
7222,lao,2013,0.000898
7222,lao,2014,0
7222,lao,2015,0
7222,lao,2016,0
7222,lbn,1995,0.096209
7222,lbn,1996,0
7222,lbn,1997,0
7222,lbn,1998,0.97147
7222,lbn,1999,0.021514
7222,lbn,2000,0.080848
7222,lbn,2001,0.002529
7222,lbn,2002,0.0958
7222,lbn,2003,0.071631
7222,lbn,2004,0.060262
7222,lbn,2005,0.038278
7222,lbn,2006,0.195552
7222,lbn,2007,0.008355
7222,lbn,2008,0.08231
7222,lbn,2009,0.081262
7222,lbn,2010,0.063219
7222,lbn,2011,0.127649
7222,lbn,2012,0.129954
7222,lbn,2013,0.305915
7222,lbn,2014,0.531482
7222,lbn,2015,0.033796
7222,lbn,2016,0.072853
7222,lbr,1995,0
7222,lbr,1996,0
7222,lbr,1997,0
7222,lbr,1998,0
7222,lbr,1999,0
7222,lbr,2000,0
7222,lbr,2001,0
7222,lbr,2002,0
7222,lbr,2003,0
7222,lbr,2004,0
7222,lbr,2005,0
7222,lbr,2006,0
7222,lbr,2007,0
7222,lbr,2008,0
7222,lbr,2009,0
7222,lbr,2010,0
7222,lbr,2011,0
7222,lbr,2012,0
7222,lbr,2013,0
7222,lbr,2014,0
7222,lbr,2015,0
7222,lbr,2016,0.007369
7222,lby,1995,5.53929
7222,lby,1996,0.81962
7222,lby,1997,0
7222,lby,1998,0
7222,lby,1999,0
7222,lby,2000,0
7222,lby,2001,0
7222,lby,2002,0
7222,lby,2003,0
7222,lby,2004,0
7222,lby,2005,0
7222,lby,2006,0
7222,lby,2007,0
7222,lby,2008,0.000492
7222,lby,2009,0.000023
7222,lby,2010,0.00001
7222,lby,2011,0.001025
7222,lby,2012,0
7222,lby,2013,0
7222,lby,2014,0
7222,lby,2015,0
7222,lby,2016,0
7222,lca,1995,0
7222,lca,1996,0
7222,lca,1997,0
7222,lca,1998,0
7222,lca,1999,0
7222,lca,2000,0
7222,lca,2001,0
7222,lca,2002,0
7222,lca,2003,0.135664
7222,lca,2004,0
7222,lca,2005,0
7222,lca,2006,0
7222,lca,2007,0
7222,lca,2008,0.06872
7222,lca,2009,0
7222,lca,2010,0
7222,lca,2011,0
7222,lca,2012,0
7222,lca,2013,0
7222,lca,2014,0
7222,lca,2015,0
7222,lca,2016,0
7222,lka,1995,0.009219
7222,lka,1996,0.006257
7222,lka,1997,0.00687
7222,lka,1998,0.042881
7222,lka,1999,0.013403
7222,lka,2000,0.00255
7222,lka,2001,0.023506
7222,lka,2002,0.018345
7222,lka,2003,0.003382
7222,lka,2004,0.005862
7222,lka,2005,0.019971
7222,lka,2006,0.003646
7222,lka,2007,0.01564
7222,lka,2008,0.029873
7222,lka,2009,0.004431
7222,lka,2010,0.034375
7222,lka,2011,0.040249
7222,lka,2012,0.005165
7222,lka,2013,0.018002
7222,lka,2014,0.0043
7222,lka,2015,0.040187
7222,lka,2016,0.066037
7222,ltu,1995,0.117923
7222,ltu,1996,0.032919
7222,ltu,1997,0.061098
7222,ltu,1998,0.066779
7222,ltu,1999,0.055369
7222,ltu,2000,0.043307
7222,ltu,2001,0.120781
7222,ltu,2002,0.103691
7222,ltu,2003,0.077961
7222,ltu,2004,0.140757
7222,ltu,2005,0.253271
7222,ltu,2006,0.339629
7222,ltu,2007,0.246373
7222,ltu,2008,0.471199
7222,ltu,2009,0.244513
7222,ltu,2010,0.247099
7222,ltu,2011,0.25186
7222,ltu,2012,0.280261
7222,ltu,2013,0.446522
7222,ltu,2014,0.296055
7222,ltu,2015,0.283951
7222,ltu,2016,0.241396
7222,lva,1995,0.108143
7222,lva,1996,0.032693
7222,lva,1997,0.105259
7222,lva,1998,0.025525
7222,lva,1999,0.138188
7222,lva,2000,0.115526
7222,lva,2001,0.300366
7222,lva,2002,0.991296
7222,lva,2003,4.948544
7222,lva,2004,5.088773
7222,lva,2005,5.391486
7222,lva,2006,1.90674
7222,lva,2007,1.770135
7222,lva,2008,2.400166
7222,lva,2009,0.753851
7222,lva,2010,0.13259
7222,lva,2011,0.059488
7222,lva,2012,0.080991
7222,lva,2013,0.167685
7222,lva,2014,0.106635
7222,lva,2015,0.193334
7222,lva,2016,0.164491
7222,mac,1995,0.015952
7222,mac,1996,0
7222,mac,1997,0
7222,mac,1998,0.005001
7222,mac,1999,0.002767
7222,mac,2000,0.001342
7222,mac,2001,0.00073
7222,mac,2002,0
7222,mac,2003,0.010337
7222,mac,2004,0.000648
7222,mac,2005,0
7222,mac,2006,0.004947
7222,mac,2007,0.004411
7222,mac,2008,0.011208
7222,mac,2009,0.006528
7222,mac,2010,0.00103
7222,mac,2011,0.00536
7222,mac,2012,0.000413
7222,mac,2013,0.001016
7222,mac,2014,0
7222,mac,2015,0.005096
7222,mac,2016,0
7222,mar,1995,0
7222,mar,1996,0.011197
7222,mar,1997,0.073854
7222,mar,1998,0.005571
7222,mar,1999,0.002808
7222,mar,2000,0
7222,mar,2001,0.001404
7222,mar,2002,0.008028
7222,mar,2003,0.003441
7222,mar,2004,0
7222,mar,2005,0.006482
7222,mar,2006,0.001819
7222,mar,2007,0.001896
7222,mar,2008,0.000102
7222,mar,2009,0.009053
7222,mar,2010,0.007727
7222,mar,2011,0.00022
7222,mar,2012,0.013639
7222,mar,2013,0.008088
7222,mar,2014,0.022504
7222,mar,2015,0.019272
7222,mar,2016,0.082694
7222,mda,1995,0.965425
7222,mda,1996,0.181798
7222,mda,1997,0.067145
7222,mda,1998,0.057047
7222,mda,1999,0.148998
7222,mda,2000,0
7222,mda,2001,0.08365
7222,mda,2002,0.002376
7222,mda,2003,0.001802
7222,mda,2004,0.001834
7222,mda,2005,0.0028
7222,mda,2006,0.005872
7222,mda,2007,0.059189
7222,mda,2008,0.038299
7222,mda,2009,0.019736
7222,mda,2010,0.006172
7222,mda,2011,0
7222,mda,2012,0.000428
7222,mda,2013,0.025666
7222,mda,2014,0.001655
7222,mda,2015,0
7222,mda,2016,0.14272
7222,mdg,1995,0
7222,mdg,1996,0
7222,mdg,1997,0
7222,mdg,1998,0
7222,mdg,1999,0
7222,mdg,2000,0
7222,mdg,2001,0.031557
7222,mdg,2002,0.009283
7222,mdg,2003,0
7222,mdg,2004,0.143456
7222,mdg,2005,0.005023
7222,mdg,2006,0.00434
7222,mdg,2007,0
7222,mdg,2008,0
7222,mdg,2009,0
7222,mdg,2010,0
7222,mdg,2011,0.008829
7222,mdg,2012,0.000513
7222,mdg,2013,0.000206
7222,mdg,2014,0
7222,mdg,2015,0.000247
7222,mdg,2016,0.000459
7222,mdv,1995,0
7222,mdv,1996,0
7222,mdv,1997,0
7222,mdv,1998,0
7222,mdv,1999,0
7222,mdv,2000,0
7222,mdv,2001,0
7222,mdv,2002,0
7222,mdv,2003,0
7222,mdv,2004,0
7222,mdv,2005,0
7222,mdv,2006,0
7222,mdv,2007,0
7222,mdv,2008,0
7222,mdv,2009,0
7222,mdv,2010,0
7222,mdv,2011,0
7222,mdv,2012,0.078172
7222,mdv,2013,0
7222,mdv,2014,0
7222,mdv,2015,0
7222,mdv,2016,0
7222,mex,1995,0.027774
7222,mex,1996,0.073579
7222,mex,1997,0.020893
7222,mex,1998,0.028983
7222,mex,1999,0.01475
7222,mex,2000,0.017708
7222,mex,2001,0.025341
7222,mex,2002,0.05109
7222,mex,2003,0.052321
7222,mex,2004,0.032715
7222,mex,2005,0.01695
7222,mex,2006,0.035382
7222,mex,2007,0.034037
7222,mex,2008,0.056658
7222,mex,2009,0.053387
7222,mex,2010,0.032064
7222,mex,2011,0.031855
7222,mex,2012,0.042089
7222,mex,2013,0.023333
7222,mex,2014,0.033466
7222,mex,2015,0.040979
7222,mex,2016,0.040064
7222,mhl,1995,0
7222,mhl,1996,0
7222,mhl,1997,0
7222,mhl,1998,0
7222,mhl,1999,0
7222,mhl,2000,0
7222,mhl,2001,0
7222,mhl,2002,0
7222,mhl,2003,0
7222,mhl,2004,0
7222,mhl,2005,0
7222,mhl,2006,0.097953
7222,mhl,2007,0
7222,mhl,2008,0
7222,mhl,2009,0
7222,mhl,2010,0
7222,mhl,2011,0.025675
7222,mhl,2012,0
7222,mhl,2013,0.001451
7222,mhl,2014,0
7222,mhl,2015,0
7222,mhl,2016,0
7222,mkd,1995,0.00087
7222,mkd,1996,0.423245
7222,mkd,1997,0.180004
7222,mkd,1998,0.002027
7222,mkd,1999,0.031945
7222,mkd,2000,0.057522
7222,mkd,2001,0.141353
7222,mkd,2002,0.194196
7222,mkd,2003,0.035291
7222,mkd,2004,0.011655
7222,mkd,2005,0.018497
7222,mkd,2006,0.010293
7222,mkd,2007,0.014189
7222,mkd,2008,0.015147
7222,mkd,2009,0.173388
7222,mkd,2010,0.020759
7222,mkd,2011,0.013531
7222,mkd,2012,0.000206
7222,mkd,2013,0.032517
7222,mkd,2014,0.008809
7222,mkd,2015,0.012908
7222,mkd,2016,0.017994
7222,mli,1995,0
7222,mli,1996,0
7222,mli,1997,0
7222,mli,1998,0
7222,mli,1999,0
7222,mli,2000,0.001713
7222,mli,2001,0
7222,mli,2002,0
7222,mli,2003,0
7222,mli,2004,0
7222,mli,2005,0
7222,mli,2006,0.000913
7222,mli,2007,0.277246
7222,mli,2008,0
7222,mli,2009,0
7222,mli,2010,0.019723
7222,mli,2011,0
7222,mli,2012,0.001358
7222,mli,2013,0
7222,mli,2014,0.000803
7222,mli,2015,0.000385
7222,mli,2016,0
7222,mlt,1995,0
7222,mlt,1996,0.003751
7222,mlt,1997,0.06309
7222,mlt,1998,0
7222,mlt,1999,0.059366
7222,mlt,2000,0
7222,mlt,2001,0
7222,mlt,2002,0
7222,mlt,2003,0.00829
7222,mlt,2004,0.00037
7222,mlt,2005,0.002297
7222,mlt,2006,0.000168
7222,mlt,2007,0.000331
7222,mlt,2008,0.000636
7222,mlt,2009,0.036962
7222,mlt,2010,0.000061
7222,mlt,2011,0
7222,mlt,2012,0.001035
7222,mlt,2013,0.177665
7222,mlt,2014,0.003775
7222,mlt,2015,0.000751
7222,mlt,2016,0.002221
7222,mmr,1995,0
7222,mmr,1996,0
7222,mmr,1997,0
7222,mmr,1998,0.011968
7222,mmr,1999,0
7222,mmr,2000,0
7222,mmr,2001,0
7222,mmr,2002,0
7222,mmr,2003,0
7222,mmr,2004,0
7222,mmr,2005,0
7222,mmr,2006,0
7222,mmr,2007,0
7222,mmr,2008,0
7222,mmr,2009,0.04119
7222,mmr,2010,0.262305
7222,mmr,2011,0.211059
7222,mmr,2012,0.35823
7222,mmr,2013,0.363528
7222,mmr,2014,0.155575
7222,mmr,2015,0.827504
7222,mmr,2016,0.96533
7222,mng,1995,0
7222,mng,1996,0.08318
7222,mng,1997,0
7222,mng,1998,0
7222,mng,1999,0
7222,mng,2000,0
7222,mng,2001,0
7222,mng,2002,0
7222,mng,2003,0
7222,mng,2004,0
7222,mng,2005,0
7222,mng,2006,0
7222,mng,2007,0
7222,mng,2008,0
7222,mng,2009,0
7222,mng,2010,0
7222,mng,2011,0
7222,mng,2012,0
7222,mng,2013,0
7222,mng,2014,0
7222,mng,2015,0.001218
7222,mng,2016,0
7222,mnp,1995,0
7222,mnp,1996,0
7222,mnp,1997,0
7222,mnp,1998,0
7222,mnp,1999,0
7222,mnp,2000,0
7222,mnp,2001,0
7222,mnp,2002,0
7222,mnp,2003,0
7222,mnp,2004,0
7222,mnp,2005,0
7222,mnp,2006,0
7222,mnp,2007,0
7222,mnp,2008,0.283348
7222,mnp,2009,0
7222,mnp,2010,0
7222,mnp,2011,0.550226
7222,mnp,2012,0
7222,mnp,2013,1.384326
7222,mnp,2014,0
7222,mnp,2015,0
7222,mnp,2016,0
7222,moz,1995,0
7222,moz,1996,0
7222,moz,1997,0.228281
7222,moz,1998,0
7222,moz,1999,0
7222,moz,2000,0
7222,moz,2001,0.000734
7222,moz,2002,0.003597
7222,moz,2003,0.000784
7222,moz,2004,0.013797
7222,moz,2005,0.000874
7222,moz,2006,0
7222,moz,2007,0.00899
7222,moz,2008,0.009208
7222,moz,2009,0.325399
7222,moz,2010,0.000087
7222,moz,2011,0.013912
7222,moz,2012,0.000647
7222,moz,2013,0.023555
7222,moz,2014,0.001986
7222,moz,2015,0
7222,moz,2016,0.000622
7222,mrt,1995,0
7222,mrt,1996,0
7222,mrt,1997,0
7222,mrt,1998,0
7222,mrt,1999,0
7222,mrt,2000,0
7222,mrt,2001,0
7222,mrt,2002,0
7222,mrt,2003,0
7222,mrt,2004,0
7222,mrt,2005,0
7222,mrt,2006,0
7222,mrt,2007,0
7222,mrt,2008,0
7222,mrt,2009,0
7222,mrt,2010,0
7222,mrt,2011,0
7222,mrt,2012,0
7222,mrt,2013,0
7222,mrt,2014,0
7222,mrt,2015,0
7222,mrt,2016,0.07462
7222,msr,1995,0
7222,msr,1996,0
7222,msr,1997,0
7222,msr,1998,0
7222,msr,1999,0
7222,msr,2000,0
7222,msr,2001,0
7222,msr,2002,4.236903
7222,msr,2003,0
7222,msr,2004,0
7222,msr,2005,0
7222,msr,2006,0
7222,msr,2007,0
7222,msr,2008,0
7222,msr,2009,0
7222,msr,2010,1.633172
7222,msr,2011,45.759098
7222,msr,2012,0
7222,msr,2013,0
7222,msr,2014,0
7222,msr,2015,0
7222,msr,2016,0
7222,mtq,1995,0
7222,mus,1995,0.000199
7222,mus,1996,0
7222,mus,1997,0
7222,mus,1998,0
7222,mus,1999,0
7222,mus,2000,0.044349
7222,mus,2001,0.009462
7222,mus,2002,0.031243
7222,mus,2003,0.041459
7222,mus,2004,0.068403
7222,mus,2005,0.004994
7222,mus,2006,0.000796
7222,mus,2007,0.008972
7222,mus,2008,0.029166
7222,mus,2009,0.03762
7222,mus,2010,0.004259
7222,mus,2011,0.016606
7222,mus,2012,0.013198
7222,mus,2013,0.006001
7222,mus,2014,0.03798
7222,mus,2015,0.020322
7222,mus,2016,0.046953
7222,mwi,1995,0.003359
7222,mwi,1996,0
7222,mwi,1997,0
7222,mwi,1998,0
7222,mwi,1999,0
7222,mwi,2000,0
7222,mwi,2001,0
7222,mwi,2002,0
7222,mwi,2003,0.00136
7222,mwi,2004,0.01106
7222,mwi,2005,0
7222,mwi,2006,0.000527
7222,mwi,2007,0
7222,mwi,2008,0.753678
7222,mwi,2009,0.007781
7222,mwi,2010,0.001075
7222,mwi,2011,0.017528
7222,mwi,2012,0.007589
7222,mwi,2013,0
7222,mwi,2014,0.07189
7222,mwi,2015,0.087726
7222,mwi,2016,0
7222,mys,1995,0.225454
7222,mys,1996,0.3447
7222,mys,1997,0.14091
7222,mys,1998,0.069802
7222,mys,1999,0.136511
7222,mys,2000,0.12068
7222,mys,2001,0.15502
7222,mys,2002,0.140325
7222,mys,2003,0.162289
7222,mys,2004,0.194754
7222,mys,2005,0.246631
7222,mys,2006,0.311871
7222,mys,2007,0.316213
7222,mys,2008,0.43705
7222,mys,2009,0.527686
7222,mys,2010,0.345321
7222,mys,2011,0.26446
7222,mys,2012,0.285982
7222,mys,2013,0.218987
7222,mys,2014,0.183883
7222,mys,2015,0.24663
7222,mys,2016,0.299862
7222,ncl,1995,0
7222,ncl,1996,0
7222,ncl,1997,0
7222,ncl,1998,0
7222,ncl,1999,0
7222,ncl,2000,0
7222,ncl,2001,0
7222,ncl,2002,0
7222,ncl,2003,0
7222,ncl,2004,0
7222,ncl,2005,0
7222,ncl,2006,0.008285
7222,ncl,2007,0
7222,ncl,2008,0
7222,ncl,2009,0.000425
7222,ncl,2010,0
7222,ncl,2011,0
7222,ncl,2012,0
7222,ncl,2013,0.123992
7222,ncl,2014,0
7222,ncl,2015,0
7222,ncl,2016,0
7222,ner,1995,0
7222,ner,1996,0
7222,ner,1997,0.030077
7222,ner,1998,0
7222,ner,1999,0
7222,ner,2000,0
7222,ner,2001,0
7222,ner,2002,0
7222,ner,2003,0
7222,ner,2004,0
7222,ner,2005,0
7222,ner,2006,0
7222,ner,2007,0
7222,ner,2008,0.026714
7222,ner,2009,0
7222,ner,2010,0
7222,ner,2011,0
7222,ner,2012,0.250513
7222,ner,2013,0
7222,ner,2014,0
7222,ner,2015,0
7222,ner,2016,0
7222,nfk,1995,0
7222,nfk,1996,0
7222,nfk,1997,0
7222,nfk,1998,0
7222,nfk,1999,0
7222,nfk,2000,0
7222,nfk,2001,0
7222,nfk,2002,0
7222,nfk,2003,0
7222,nfk,2004,0
7222,nfk,2005,0
7222,nfk,2006,0
7222,nfk,2007,0
7222,nfk,2008,0
7222,nfk,2009,0
7222,nfk,2010,0
7222,nfk,2011,0
7222,nfk,2012,0
7222,nfk,2013,0
7222,nfk,2014,0
7222,nfk,2015,0
7222,nfk,2016,0
7222,nga,1995,0
7222,nga,1996,0
7222,nga,1997,0
7222,nga,1998,0
7222,nga,1999,0.003603
7222,nga,2000,0
7222,nga,2001,0.00017
7222,nga,2002,0
7222,nga,2003,0.000872
7222,nga,2004,0.002745
7222,nga,2005,0.001278
7222,nga,2006,0.001491
7222,nga,2007,0
7222,nga,2008,0
7222,nga,2009,0
7222,nga,2010,0.000013
7222,nga,2011,0.000637
7222,nga,2012,0.001412
7222,nga,2013,0.000144
7222,nga,2014,0.000137
7222,nga,2015,0.000103
7222,nga,2016,0.000065
7222,nic,1995,0
7222,nic,1996,0.019296
7222,nic,1997,0
7222,nic,1998,0
7222,nic,1999,0
7222,nic,2000,0
7222,nic,2001,0
7222,nic,2002,0
7222,nic,2003,0.02727
7222,nic,2004,0
7222,nic,2005,0.018184
7222,nic,2006,0
7222,nic,2007,0.000095
7222,nic,2008,0
7222,nic,2009,0.066819
7222,nic,2010,0.002382
7222,nic,2011,0.016889
7222,nic,2012,0
7222,nic,2013,0
7222,nic,2014,0.013127
7222,nic,2015,0.001499
7222,nic,2016,0.001458
7222,niu,1995,0
7222,niu,1996,0
7222,niu,1997,0
7222,niu,1998,0
7222,niu,1999,0
7222,niu,2000,0
7222,niu,2001,0
7222,niu,2002,0
7222,niu,2003,0
7222,niu,2004,0
7222,niu,2005,0
7222,niu,2006,0
7222,niu,2007,0
7222,niu,2008,0
7222,niu,2009,0
7222,niu,2010,0
7222,niu,2011,0
7222,niu,2012,0
7222,niu,2013,0
7222,niu,2014,0
7222,niu,2015,0
7222,niu,2016,0
7222,nld,1995,0.601829
7222,nld,1996,0.486627
7222,nld,1997,0.532539
7222,nld,1998,0.461036
7222,nld,1999,0.390995
7222,nld,2000,0.31186
7222,nld,2001,0.287568
7222,nld,2002,0.36602
7222,nld,2003,0.359462
7222,nld,2004,0.358785
7222,nld,2005,0.349166
7222,nld,2006,0.361681
7222,nld,2007,0.377913
7222,nld,2008,0.35655
7222,nld,2009,0.352286
7222,nld,2010,0.323655
7222,nld,2011,0.314031
7222,nld,2012,0.274773
7222,nld,2013,0.323076
7222,nld,2014,0.378112
7222,nld,2015,0.317084
7222,nld,2016,0.34417
7222,nor,1995,0.175373
7222,nor,1996,0.148019
7222,nor,1997,0.165764
7222,nor,1998,0.29388
7222,nor,1999,0.184682
7222,nor,2000,0.138558
7222,nor,2001,0.19942
7222,nor,2002,0.218299
7222,nor,2003,0.150489
7222,nor,2004,0.136278
7222,nor,2005,0.160666
7222,nor,2006,0.290433
7222,nor,2007,0.216985
7222,nor,2008,0.237742
7222,nor,2009,0.189582
7222,nor,2010,0.186876
7222,nor,2011,0.220263
7222,nor,2012,0.21285
7222,nor,2013,0.199084
7222,nor,2014,0.307685
7222,nor,2015,0.193455
7222,nor,2016,0.191064
7222,npl,1995,0
7222,npl,1996,0
7222,npl,1997,0
7222,npl,1998,0
7222,npl,1999,0.248715
7222,npl,2000,0
7222,npl,2001,0
7222,npl,2002,0.021071
7222,npl,2003,0
7222,npl,2004,0
7222,npl,2005,0
7222,npl,2006,0
7222,npl,2007,0
7222,npl,2008,0.052941
7222,npl,2009,0
7222,npl,2010,0
7222,npl,2011,0
7222,npl,2012,0
7222,npl,2013,0
7222,npl,2014,0
7222,npl,2015,0
7222,npl,2016,0
7222,nru,1995,0
7222,nru,1996,0
7222,nru,1997,0
7222,nru,1998,0
7222,nru,1999,0
7222,nru,2000,0
7222,nru,2001,0
7222,nru,2002,0
7222,nru,2003,0
7222,nru,2004,0
7222,nru,2005,0
7222,nru,2006,0
7222,nru,2007,0
7222,nru,2008,0
7222,nru,2009,0
7222,nru,2010,0
7222,nru,2011,0
7222,nru,2012,0
7222,nru,2013,0
7222,nru,2014,0.381727
7222,nru,2015,7.698348
7222,nru,2016,0
7222,nzl,1995,0.064835
7222,nzl,1996,0.032341
7222,nzl,1997,0.087647
7222,nzl,1998,0.058223
7222,nzl,1999,0.059359
7222,nzl,2000,0.041456
7222,nzl,2001,0.150062
7222,nzl,2002,0.061455
7222,nzl,2003,0.093624
7222,nzl,2004,0.160648
7222,nzl,2005,0.049461
7222,nzl,2006,0.050766
7222,nzl,2007,0.05039
7222,nzl,2008,0.067767
7222,nzl,2009,0.105985
7222,nzl,2010,0.078951
7222,nzl,2011,0.071528
7222,nzl,2012,0.100316
7222,nzl,2013,0.048485
7222,nzl,2014,0.038811
7222,nzl,2015,0.039945
7222,nzl,2016,0.060288
7222,omn,1995,0
7222,omn,1996,0
7222,omn,1997,0
7222,omn,1998,0
7222,omn,1999,0
7222,omn,2000,0.000294
7222,omn,2001,0.00309
7222,omn,2002,0.000718
7222,omn,2003,0.000811
7222,omn,2004,0.070753
7222,omn,2005,0.000824
7222,omn,2006,0.061388
7222,omn,2007,0.005889
7222,omn,2008,0.018989
7222,omn,2009,0.010446
7222,omn,2010,0.092176
7222,omn,2011,0.103237
7222,omn,2012,0.009279
7222,omn,2013,0.011914
7222,omn,2014,0.012744
7222,omn,2015,0.040131
7222,omn,2016,0.007376
7222,pak,1995,0
7222,pak,1996,0.002324
7222,pak,1997,0.000636
7222,pak,1998,0
7222,pak,1999,0
7222,pak,2000,0.001499
7222,pak,2001,0.00325
7222,pak,2002,0.003467
7222,pak,2003,0.002019
7222,pak,2004,0.002652
7222,pak,2005,0.004686
7222,pak,2006,0.00509
7222,pak,2007,0.003044
7222,pak,2008,0.007475
7222,pak,2009,0.333084
7222,pak,2010,0.016265
7222,pak,2011,0.012847
7222,pak,2012,0.033489
7222,pak,2013,0.047443
7222,pak,2014,0.008649
7222,pak,2015,0.004825
7222,pak,2016,0.006825
7222,pan,1995,0.000717
7222,pan,1996,0.034747
7222,pan,1997,0
7222,pan,1998,0.000876
7222,pan,1999,0.001996
7222,pan,2000,0.020669
7222,pan,2001,0.000993
7222,pan,2002,0.011214
7222,pan,2003,0
7222,pan,2004,0.012725
7222,pan,2005,0.03803
7222,pan,2006,0.033939
7222,pan,2007,0.210293
7222,pan,2008,0.029898
7222,pan,2009,0.048239
7222,pan,2010,0.014222
7222,pan,2011,0.015075
7222,pan,2012,0.019732
7222,pan,2013,0.029786
7222,pan,2014,0.051317
7222,pan,2015,0.008422
7222,pan,2016,0.06629
7222,pcn,1995,0
7222,pcn,1996,0
7222,pcn,1997,0
7222,pcn,1998,0
7222,pcn,1999,0
7222,pcn,2000,0
7222,pcn,2001,0
7222,pcn,2002,0
7222,pcn,2003,0
7222,pcn,2004,0
7222,pcn,2005,0
7222,pcn,2006,0
7222,pcn,2007,0
7222,pcn,2008,0
7222,pcn,2009,0
7222,pcn,2010,0
7222,pcn,2011,0
7222,pcn,2012,0
7222,pcn,2013,0
7222,pcn,2014,0
7222,pcn,2015,0
7222,pcn,2016,0
7222,per,1995,0.006781
7222,per,1996,0.013095
7222,per,1997,0.005739
7222,per,1998,0.0083
7222,per,1999,0.008628
7222,per,2000,0.014339
7222,per,2001,0.01119
7222,per,2002,0.005148
7222,per,2003,0.007421
7222,per,2004,0.001782
7222,per,2005,0.012457
7222,per,2006,0.008639
7222,per,2007,0.005282
7222,per,2008,0.004556
7222,per,2009,0.000421
7222,per,2010,0.008145
7222,per,2011,0.012427
7222,per,2012,0.00734
7222,per,2013,0.006914
7222,per,2014,0.009889
7222,per,2015,0.004425
7222,per,2016,0.019314
7222,phl,1995,0.000888
7222,phl,1996,0.068853
7222,phl,1997,0.000512
7222,phl,1998,0.021998
7222,phl,1999,0.010319
7222,phl,2000,0.004087
7222,phl,2001,0.001737
7222,phl,2002,0.025444
7222,phl,2003,0.025113
7222,phl,2004,0.003685
7222,phl,2005,0.005014
7222,phl,2006,0.001583
7222,phl,2007,0.001993
7222,phl,2008,0.001411
7222,phl,2009,0.004489
7222,phl,2010,0.002761
7222,phl,2011,0.057832
7222,phl,2012,0.052723
7222,phl,2013,0.04611
7222,phl,2014,0.066073
7222,phl,2015,0.023355
7222,phl,2016,0.030869
7222,plw,1995,0
7222,plw,1996,0
7222,plw,1997,0
7222,plw,1998,0
7222,plw,1999,0
7222,plw,2000,0
7222,plw,2001,0
7222,plw,2002,0
7222,plw,2003,0
7222,plw,2004,0
7222,plw,2005,0
7222,plw,2006,0
7222,plw,2007,0
7222,plw,2008,0.02383
7222,plw,2009,0
7222,plw,2010,0
7222,plw,2011,0
7222,plw,2012,0
7222,plw,2013,0
7222,plw,2014,0
7222,plw,2015,0
7222,plw,2016,0
7222,png,1995,0
7222,png,1996,0
7222,png,1997,0
7222,png,1998,0
7222,png,1999,0
7222,png,2000,0
7222,png,2001,0
7222,png,2002,0.001708
7222,png,2003,0
7222,png,2004,0
7222,png,2005,0
7222,png,2006,0
7222,png,2007,0
7222,png,2008,0
7222,png,2009,0
7222,png,2010,0
7222,png,2011,0.001575
7222,png,2012,0.00773
7222,png,2013,0
7222,png,2014,0
7222,png,2015,0.002106
7222,png,2016,0
7222,pol,1995,0.383731
7222,pol,1996,0.502209
7222,pol,1997,0.395869
7222,pol,1998,0.304855
7222,pol,1999,0.200986
7222,pol,2000,0.181852
7222,pol,2001,0.105541
7222,pol,2002,0.069366
7222,pol,2003,0.082656
7222,pol,2004,0.118765
7222,pol,2005,0.153058
7222,pol,2006,0.229064
7222,pol,2007,0.228795
7222,pol,2008,0.347952
7222,pol,2009,0.646761
7222,pol,2010,0.670267
7222,pol,2011,0.67672
7222,pol,2012,0.823307
7222,pol,2013,1.094024
7222,pol,2014,0.583005
7222,pol,2015,0.619854
7222,pol,2016,0.486975
7222,prk,1995,1.3298
7222,prk,1996,0.28289
7222,prk,1997,0.129894
7222,prk,1998,1.033417
7222,prk,1999,0.389827
7222,prk,2000,0.055242
7222,prk,2001,0.892552
7222,prk,2002,0.44733
7222,prk,2003,0.32443
7222,prk,2004,0.080974
7222,prk,2005,0.042175
7222,prk,2006,0.181792
7222,prk,2007,0.051091
7222,prk,2008,0.046856
7222,prk,2009,0.200712
7222,prk,2010,0.005507
7222,prk,2011,0.001314
7222,prk,2012,0
7222,prk,2013,0
7222,prk,2014,0.03823
7222,prk,2015,0.000575
7222,prk,2016,0.036882
7222,prt,1995,0.031531
7222,prt,1996,0.080122
7222,prt,1997,0.264898
7222,prt,1998,0.891242
7222,prt,1999,0.909962
7222,prt,2000,1.536566
7222,prt,2001,1.673264
7222,prt,2002,1.607775
7222,prt,2003,0.961781
7222,prt,2004,0.747454
7222,prt,2005,1.675812
7222,prt,2006,1.488359
7222,prt,2007,2.036299
7222,prt,2008,2.313211
7222,prt,2009,1.812294
7222,prt,2010,2.067302
7222,prt,2011,1.897615
7222,prt,2012,2.339239
7222,prt,2013,2.484114
7222,prt,2014,2.731525
7222,prt,2015,3.72889
7222,prt,2016,3.357843
7222,pry,1995,0
7222,pry,1996,0
7222,pry,1997,0
7222,pry,1998,0
7222,pry,1999,0
7222,pry,2000,0
7222,pry,2001,0.036024
7222,pry,2002,0
7222,pry,2003,0
7222,pry,2004,0
7222,pry,2005,0
7222,pry,2006,0
7222,pry,2007,0
7222,pry,2008,0.020159
7222,pry,2009,0
7222,pry,2010,0
7222,pry,2011,0.000428
7222,pry,2012,0
7222,pry,2013,0
7222,pry,2014,0
7222,pry,2015,0.000909
7222,pry,2016,0
7222,pyf,1995,0
7222,pyf,1996,0
7222,pyf,1997,0
7222,pyf,1998,0
7222,pyf,1999,0
7222,pyf,2000,0
7222,pyf,2001,0
7222,pyf,2002,0
7222,pyf,2003,0
7222,pyf,2004,0
7222,pyf,2005,0
7222,pyf,2006,0
7222,pyf,2007,0
7222,pyf,2008,0.004915
7222,pyf,2009,0
7222,pyf,2010,0
7222,pyf,2011,0
7222,pyf,2012,0
7222,pyf,2013,0
7222,pyf,2014,0
7222,pyf,2015,0
7222,pyf,2016,0
7222,qat,1995,0.093917
7222,qat,1996,0.048109
7222,qat,1997,0.528075
7222,qat,1998,0.027717
7222,qat,1999,0.225714
7222,qat,2000,0.007192
7222,qat,2001,0
7222,qat,2002,0.005289
7222,qat,2003,0.084108
7222,qat,2004,0.022444
7222,qat,2005,0.001607
7222,qat,2006,0.021536
7222,qat,2007,0.027939
7222,qat,2008,0.018699
7222,qat,2009,0.352381
7222,qat,2010,0.165096
7222,qat,2011,1.041053
7222,qat,2012,0
7222,qat,2013,0.000264
7222,qat,2014,0.001366
7222,qat,2015,0.045873
7222,qat,2016,0.001821
7222,reu,1995,0
7222,rou,1995,0.480429
7222,rou,1996,0.56084
7222,rou,1997,0.246134
7222,rou,1998,0.403665
7222,rou,1999,0.222905
7222,rou,2000,0.246891
7222,rou,2001,0.168373
7222,rou,2002,0.262809
7222,rou,2003,0.272815
7222,rou,2004,0.210751
7222,rou,2005,0.071414
7222,rou,2006,0.123501
7222,rou,2007,0.122493
7222,rou,2008,0.146012
7222,rou,2009,0.128155
7222,rou,2010,0.176855
7222,rou,2011,0.195433
7222,rou,2012,0.159025
7222,rou,2013,0.166044
7222,rou,2014,0.258162
7222,rou,2015,0.195882
7222,rou,2016,0.827446
7222,rus,1995,1.026194
7222,rus,1996,0.70795
7222,rus,1997,0.424113
7222,rus,1998,0.335405
7222,rus,1999,0.30542
7222,rus,2000,0.438946
7222,rus,2001,0.296262
7222,rus,2002,0.159302
7222,rus,2003,0.248636
7222,rus,2004,0.168823
7222,rus,2005,0.194963
7222,rus,2006,0.203376
7222,rus,2007,0.0932
7222,rus,2008,0.083179
7222,rus,2009,0.138234
7222,rus,2010,0.152412
7222,rus,2011,0.145818
7222,rus,2012,0.164197
7222,rus,2013,0.147239
7222,rus,2014,0.098365
7222,rus,2015,0.060483
7222,rus,2016,0.1204
7222,rwa,1995,0
7222,rwa,1996,0
7222,rwa,1997,0
7222,rwa,1998,0
7222,rwa,1999,0
7222,rwa,2000,0
7222,rwa,2001,0
7222,rwa,2002,0
7222,rwa,2003,0
7222,rwa,2004,0
7222,rwa,2005,0
7222,rwa,2006,0
7222,rwa,2007,0
7222,rwa,2008,0
7222,rwa,2009,0
7222,rwa,2010,0
7222,rwa,2011,0
7222,rwa,2012,0
7222,rwa,2013,0.003346
7222,rwa,2014,0
7222,rwa,2015,0.112289
7222,rwa,2016,0
7222,sau,1995,0.192337
7222,sau,1996,0.612607
7222,sau,1997,0.348378
7222,sau,1998,0.195203
7222,sau,1999,0.076771
7222,sau,2000,2.478417
7222,sau,2001,1.608718
7222,sau,2002,0.148083
7222,sau,2003,0.153461
7222,sau,2004,0.206827
7222,sau,2005,0.352903
7222,sau,2006,0.661802
7222,sau,2007,0.165008
7222,sau,2008,0.156128
7222,sau,2009,0.064359
7222,sau,2010,0.050372
7222,sau,2011,0.036969
7222,sau,2012,0.062844
7222,sau,2013,0.064518
7222,sau,2014,0.046696
7222,sau,2015,0.10585
7222,sau,2016,0.107507
7222,scg,1995,5.043152
7222,scg,1996,0.129778
7222,scg,1997,0.105693
7222,scg,1998,0.00875
7222,scg,1999,0.237092
7222,scg,2000,0.056932
7222,scg,2001,0.067177
7222,scg,2002,0.017869
7222,scg,2003,0.017477
7222,scg,2004,0.090898
7222,scg,2005,0.066946
7222,sdn,1995,0
7222,sdn,1996,0
7222,sdn,1997,0
7222,sdn,1998,0
7222,sdn,1999,0
7222,sdn,2000,0
7222,sdn,2001,0
7222,sdn,2002,0
7222,sdn,2003,0.00255
7222,sdn,2004,0
7222,sdn,2005,0.02983
7222,sdn,2006,0.000841
7222,sdn,2007,0.000222
7222,sdn,2008,0
7222,sdn,2009,0
7222,sdn,2010,0
7222,sdn,2011,0.000547
7222,sdn,2012,0.0043
7222,sdn,2013,0.001564
7222,sdn,2014,0.001677
7222,sdn,2015,0.005255
7222,sdn,2016,0.007228
7222,sen,1995,0.276472
7222,sen,1996,0
7222,sen,1997,0.060521
7222,sen,1998,0
7222,sen,1999,0.072836
7222,sen,2000,0
7222,sen,2001,0.004509
7222,sen,2002,0.047688
7222,sen,2003,0.04463
7222,sen,2004,0.013583
7222,sen,2005,1.384135
7222,sen,2006,0.1841
7222,sen,2007,0.456919
7222,sen,2008,0.021421
7222,sen,2009,0.001425
7222,sen,2010,0.007116
7222,sen,2011,0.013186
7222,sen,2012,0.011174
7222,sen,2013,0.002167
7222,sen,2014,0
7222,sen,2015,0.009854
7222,sen,2016,0.254004
7222,sgp,1995,0.271556
7222,sgp,1996,0.257686
7222,sgp,1997,0.326693
7222,sgp,1998,0.285047
7222,sgp,1999,0.24606
7222,sgp,2000,0.311322
7222,sgp,2001,0.181462
7222,sgp,2002,0.234068
7222,sgp,2003,0.399328
7222,sgp,2004,0.384264
7222,sgp,2005,0.292643
7222,sgp,2006,0.276669
7222,sgp,2007,0.296686
7222,sgp,2008,0.505964
7222,sgp,2009,0.522824
7222,sgp,2010,0.463802
7222,sgp,2011,0.354994
7222,sgp,2012,0.417606
7222,sgp,2013,0.397597
7222,sgp,2014,0.373544
7222,sgp,2015,0.418815
7222,sgp,2016,0.380237
7222,shn,1995,0
7222,shn,1996,0
7222,shn,1997,0
7222,shn,1998,0
7222,shn,1999,0
7222,shn,2000,0
7222,shn,2001,0
7222,shn,2002,0
7222,shn,2003,0
7222,shn,2004,0
7222,shn,2005,0
7222,shn,2006,0
7222,shn,2007,0
7222,shn,2008,0.072153
7222,shn,2009,0
7222,shn,2010,0
7222,shn,2011,0
7222,shn,2012,0
7222,shn,2013,0
7222,shn,2014,0
7222,shn,2015,0
7222,shn,2016,0
7222,slb,1995,0
7222,slb,1996,0
7222,slb,1997,0
7222,slb,1998,0
7222,slb,1999,0
7222,slb,2000,0
7222,slb,2001,0
7222,slb,2002,0
7222,slb,2003,0
7222,slb,2004,0
7222,slb,2005,0
7222,slb,2006,0
7222,slb,2007,0
7222,slb,2008,0
7222,slb,2009,0
7222,slb,2010,0
7222,slb,2011,0
7222,slb,2012,0
7222,slb,2013,0
7222,slb,2014,0
7222,slb,2015,0
7222,slb,2016,0
7222,sle,1995,0.033691
7222,sle,1996,0.265793
7222,sle,1997,0.028941
7222,sle,1998,0.073326
7222,sle,1999,0
7222,sle,2000,0
7222,sle,2001,0.064817
7222,sle,2002,0
7222,sle,2003,0.684185
7222,sle,2004,0.113745
7222,sle,2005,0
7222,sle,2006,0.033776
7222,sle,2007,0.019406
7222,sle,2008,0.073005
7222,sle,2009,0.14707
7222,sle,2010,0
7222,sle,2011,0.104112
7222,sle,2012,0.04543
7222,sle,2013,0.024664
7222,sle,2014,0
7222,sle,2015,0.006303
7222,sle,2016,0.010336
7222,slv,1995,0
7222,slv,1996,0
7222,slv,1997,0.0085
7222,slv,1998,0
7222,slv,1999,0.001169
7222,slv,2000,0.009294
7222,slv,2001,0.003502
7222,slv,2002,0.007986
7222,slv,2003,0.003775
7222,slv,2004,0.020194
7222,slv,2005,0.038505
7222,slv,2006,0.019093
7222,slv,2007,0.004697
7222,slv,2008,0.002198
7222,slv,2009,0.015241
7222,slv,2010,0.014414
7222,slv,2011,0.021844
7222,slv,2012,0.003958
7222,slv,2013,0.048423
7222,slv,2014,0.038651
7222,slv,2015,0.011353
7222,slv,2016,0.041444
7222,som,1995,0
7222,som,1996,0
7222,som,1997,0
7222,som,1998,0.069801
7222,som,1999,0
7222,som,2000,0.003803
7222,som,2001,0
7222,som,2002,0
7222,som,2003,0
7222,som,2004,0
7222,som,2005,0
7222,som,2006,0
7222,som,2007,0
7222,som,2008,0.537412
7222,som,2009,0
7222,som,2010,0.488598
7222,som,2011,0
7222,som,2012,0
7222,som,2013,0
7222,som,2014,0
7222,som,2015,0
7222,som,2016,0
7222,spm,1995,0
7222,spm,1996,0
7222,spm,1997,5.689641
7222,spm,1998,0
7222,spm,1999,0
7222,spm,2000,0
7222,spm,2001,0
7222,spm,2002,0
7222,spm,2003,0
7222,spm,2004,0
7222,spm,2005,0
7222,spm,2006,0
7222,spm,2007,0
7222,spm,2008,0
7222,spm,2009,0
7222,spm,2010,0
7222,spm,2011,0
7222,spm,2012,0
7222,spm,2013,0
7222,spm,2014,0
7222,spm,2015,0
7222,spm,2016,0
7222,stp,1995,0
7222,stp,1996,0
7222,stp,1997,0
7222,stp,1998,0
7222,stp,1999,0
7222,stp,2000,0
7222,stp,2001,0
7222,stp,2002,0
7222,stp,2003,0
7222,stp,2004,0
7222,stp,2005,0
7222,stp,2006,0
7222,stp,2007,0
7222,stp,2008,0.66556
7222,stp,2009,0
7222,stp,2010,0
7222,stp,2011,0
7222,stp,2012,0
7222,stp,2013,0
7222,stp,2014,0
7222,stp,2015,0
7222,stp,2016,0
7222,sur,1995,0
7222,sur,1996,0
7222,sur,1997,0
7222,sur,1998,0
7222,sur,1999,0
7222,sur,2000,0
7222,sur,2001,0
7222,sur,2002,0
7222,sur,2003,0
7222,sur,2004,0.003129
7222,sur,2005,0
7222,sur,2006,0
7222,sur,2007,0
7222,sur,2008,0
7222,sur,2009,0
7222,sur,2010,0.016168
7222,sur,2011,0
7222,sur,2012,0
7222,sur,2013,0.004777
7222,sur,2014,0.067342
7222,sur,2015,0
7222,sur,2016,0
7222,svk,1995,0.066727
7222,svk,1996,0.196949
7222,svk,1997,0.026876
7222,svk,1998,0.03044
7222,svk,1999,0.028796
7222,svk,2000,0.02268
7222,svk,2001,0.060356
7222,svk,2002,0.045907
7222,svk,2003,0.033694
7222,svk,2004,0.056559
7222,svk,2005,0.058374
7222,svk,2006,0.106891
7222,svk,2007,0.031301
7222,svk,2008,0.051255
7222,svk,2009,0.062621
7222,svk,2010,0.147944
7222,svk,2011,0.126527
7222,svk,2012,0.169487
7222,svk,2013,0.091369
7222,svk,2014,0.119263
7222,svk,2015,0.169422
7222,svk,2016,0.156532
7222,svn,1995,4.719841
7222,svn,1996,5.233214
7222,svn,1997,4.568618
7222,svn,1998,4.429303
7222,svn,1999,3.874754
7222,svn,2000,3.388196
7222,svn,2001,3.214012
7222,svn,2002,2.828483
7222,svn,2003,2.269958
7222,svn,2004,1.88003
7222,svn,2005,2.241953
7222,svn,2006,1.868546
7222,svn,2007,1.98769
7222,svn,2008,3.085833
7222,svn,2009,3.481575
7222,svn,2010,2.526981
7222,svn,2011,3.016163
7222,svn,2012,3.17027
7222,svn,2013,3.509037
7222,svn,2014,3.287006
7222,svn,2015,3.284413
7222,svn,2016,2.966925
7222,swe,1995,3.11582
7222,swe,1996,3.114036
7222,swe,1997,3.13847
7222,swe,1998,3.068871
7222,swe,1999,3.448879
7222,swe,2000,3.456543
7222,swe,2001,3.900947
7222,swe,2002,3.646555
7222,swe,2003,3.75937
7222,swe,2004,3.372174
7222,swe,2005,3.432421
7222,swe,2006,3.570265
7222,swe,2007,2.628911
7222,swe,2008,3.318948
7222,swe,2009,3.610816
7222,swe,2010,3.310592
7222,swe,2011,2.893399
7222,swe,2012,3.026905
7222,swe,2013,3.187009
7222,swe,2014,3.444548
7222,swe,2015,2.926178
7222,swe,2016,3.027563
7222,syc,1995,0
7222,syc,1996,0
7222,syc,1997,0
7222,syc,1998,0
7222,syc,1999,0.173959
7222,syc,2000,0
7222,syc,2001,0
7222,syc,2002,0
7222,syc,2003,0.003706
7222,syc,2004,0
7222,syc,2005,0
7222,syc,2006,0.026039
7222,syc,2007,0
7222,syc,2008,0
7222,syc,2009,0.08405
7222,syc,2010,0.025526
7222,syc,2011,0.000818
7222,syc,2012,0.015742
7222,syc,2013,0
7222,syc,2014,0.003416
7222,syc,2015,0.402392
7222,syc,2016,0
7222,syr,1995,0
7222,syr,1996,0
7222,syr,1997,0
7222,syr,1998,0
7222,syr,1999,0.001634
7222,syr,2000,0
7222,syr,2001,0.002894
7222,syr,2002,0.0001
7222,syr,2003,0.004584
7222,syr,2004,0
7222,syr,2005,0.00971
7222,syr,2006,0.000865
7222,syr,2007,0.001722
7222,syr,2008,0.020838
7222,syr,2009,0.087653
7222,syr,2010,0.020282
7222,syr,2011,0.090192
7222,syr,2012,0.012984
7222,syr,2013,0.006347
7222,syr,2014,0
7222,syr,2015,0.188063
7222,syr,2016,0.002298
7222,tca,1995,0
7222,tca,1996,0
7222,tca,1997,0
7222,tca,1998,0
7222,tca,1999,0
7222,tca,2000,0
7222,tca,2001,0
7222,tca,2002,0
7222,tca,2003,0
7222,tca,2004,0
7222,tca,2005,0
7222,tca,2006,0
7222,tca,2007,0
7222,tca,2008,0
7222,tca,2009,0
7222,tca,2010,0.661733
7222,tca,2011,2.113492
7222,tca,2012,0
7222,tca,2013,0.025624
7222,tca,2014,0
7222,tca,2015,0
7222,tca,2016,0.057346
7222,tcd,1995,0
7222,tcd,1996,0
7222,tcd,1997,0
7222,tcd,1998,0
7222,tcd,1999,0
7222,tcd,2000,0
7222,tcd,2001,0
7222,tcd,2002,0
7222,tcd,2003,0
7222,tcd,2004,0
7222,tcd,2005,0
7222,tcd,2006,0
7222,tcd,2007,0
7222,tcd,2008,0
7222,tcd,2009,0
7222,tcd,2010,0
7222,tcd,2011,0
7222,tcd,2012,0
7222,tcd,2013,0
7222,tcd,2014,0
7222,tcd,2015,0
7222,tcd,2016,0
7222,tgo,1995,0.008868
7222,tgo,1996,0
7222,tgo,1997,0
7222,tgo,1998,0.077161
7222,tgo,1999,0
7222,tgo,2000,0
7222,tgo,2001,0
7222,tgo,2002,0
7222,tgo,2003,0
7222,tgo,2004,0
7222,tgo,2005,0.00634
7222,tgo,2006,0
7222,tgo,2007,0
7222,tgo,2008,0
7222,tgo,2009,0
7222,tgo,2010,0
7222,tgo,2011,0.024221
7222,tgo,2012,0.006421
7222,tgo,2013,0
7222,tgo,2014,0.01806
7222,tgo,2015,0
7222,tgo,2016,0.000306
7222,tha,1995,0.191585
7222,tha,1996,0.323874
7222,tha,1997,0.30077
7222,tha,1998,0.138807
7222,tha,1999,0.143545
7222,tha,2000,0.243803
7222,tha,2001,0.225968
7222,tha,2002,0.279966
7222,tha,2003,0.29422
7222,tha,2004,0.368273
7222,tha,2005,0.238359
7222,tha,2006,0.188683
7222,tha,2007,0.198655
7222,tha,2008,0.284386
7222,tha,2009,0.190043
7222,tha,2010,0.190964
7222,tha,2011,0.17327
7222,tha,2012,0.20765
7222,tha,2013,0.233583
7222,tha,2014,0.230481
7222,tha,2015,0.214785
7222,tha,2016,0.192568
7222,tjk,1995,0
7222,tjk,1996,0
7222,tjk,1997,0.157488
7222,tjk,1998,0.81161
7222,tjk,1999,0.835071
7222,tjk,2000,0.266268
7222,tjk,2001,0.015752
7222,tjk,2002,0
7222,tjk,2003,0
7222,tjk,2004,0
7222,tjk,2005,0
7222,tjk,2006,0
7222,tjk,2007,0
7222,tjk,2008,0.017392
7222,tjk,2009,0
7222,tjk,2010,0
7222,tjk,2011,0
7222,tjk,2012,0
7222,tjk,2013,0
7222,tjk,2014,0
7222,tjk,2015,0
7222,tjk,2016,0
7222,tkl,1995,0
7222,tkl,1996,0
7222,tkl,1997,0
7222,tkl,1998,0
7222,tkl,1999,0
7222,tkl,2000,0
7222,tkl,2001,0
7222,tkl,2002,0
7222,tkl,2003,0
7222,tkl,2004,0
7222,tkl,2005,0
7222,tkl,2006,0.129247
7222,tkl,2007,0
7222,tkl,2008,0
7222,tkl,2009,0
7222,tkl,2010,0
7222,tkl,2011,0
7222,tkl,2012,0
7222,tkl,2013,0
7222,tkl,2014,0
7222,tkl,2015,0
7222,tkl,2016,0.155676
7222,tkm,1995,0
7222,tkm,1996,0
7222,tkm,1997,0
7222,tkm,1998,0
7222,tkm,1999,0
7222,tkm,2000,0
7222,tkm,2001,0
7222,tkm,2002,0.012898
7222,tkm,2003,0
7222,tkm,2004,0
7222,tkm,2005,0
7222,tkm,2006,0
7222,tkm,2007,0
7222,tkm,2008,0
7222,tkm,2009,0
7222,tkm,2010,0
7222,tkm,2011,0
7222,tkm,2012,0
7222,tkm,2013,0.01504
7222,tkm,2014,0
7222,tkm,2015,0
7222,tkm,2016,0.000354
7222,tls,1995,0
7222,tls,1996,0
7222,tls,1997,0
7222,tls,1998,0
7222,tls,1999,0
7222,tls,2000,0
7222,tls,2001,0
7222,tls,2002,0
7222,tls,2003,0
7222,tls,2004,0
7222,tls,2005,0
7222,tls,2006,0
7222,tls,2007,0
7222,tls,2008,0
7222,tls,2009,0
7222,tls,2010,0
7222,tls,2011,0
7222,tls,2012,0.031748
7222,tls,2013,0.088755
7222,tls,2014,0
7222,tls,2015,0
7222,tls,2016,0
7222,ton,1995,0
7222,ton,1996,0
7222,ton,1997,0
7222,ton,1998,0
7222,ton,1999,0
7222,ton,2000,0
7222,ton,2001,0
7222,ton,2002,0
7222,ton,2003,0
7222,ton,2004,0
7222,ton,2005,0
7222,ton,2006,3.955644
7222,ton,2007,0
7222,ton,2008,0
7222,ton,2009,0
7222,ton,2010,0
7222,ton,2011,0
7222,ton,2012,0
7222,ton,2013,0
7222,ton,2014,0
7222,ton,2015,0
7222,ton,2016,0
7222,tto,1995,3.558681
7222,tto,1996,2.011194
7222,tto,1997,4.47281
7222,tto,1998,1.65498
7222,tto,1999,2.86355
7222,tto,2000,0.582225
7222,tto,2001,0.314944
7222,tto,2002,0.567454
7222,tto,2003,0.220252
7222,tto,2004,0.24459
7222,tto,2005,0.241684
7222,tto,2006,0.015638
7222,tto,2007,0.199937
7222,tto,2008,0.136406
7222,tto,2009,0.002654
7222,tto,2010,0
7222,tto,2011,0.001713
7222,tto,2012,0.113934
7222,tto,2013,0.06765
7222,tto,2014,0.003311
7222,tto,2015,0.007273
7222,tto,2016,0.006019
7222,tun,1995,0.01803
7222,tun,1996,0
7222,tun,1997,0
7222,tun,1998,0.003195
7222,tun,1999,0.001824
7222,tun,2000,0.020972
7222,tun,2001,0.001724
7222,tun,2002,0
7222,tun,2003,0.001625
7222,tun,2004,0.01656
7222,tun,2005,0.012666
7222,tun,2006,0.014645
7222,tun,2007,0.030052
7222,tun,2008,0.055827
7222,tun,2009,0.040431
7222,tun,2010,0.010996
7222,tun,2011,0.032059
7222,tun,2012,0.035633
7222,tun,2013,0.101017
7222,tun,2014,0.050322
7222,tun,2015,0.079096
7222,tun,2016,0.117768
7222,tur,1995,0.714802
7222,tur,1996,0.474757
7222,tur,1997,0.254724
7222,tur,1998,0.219132
7222,tur,1999,0.35341
7222,tur,2000,0.227377
7222,tur,2001,0.4941
7222,tur,2002,0.312258
7222,tur,2003,0.4476
7222,tur,2004,0.166074
7222,tur,2005,0.243785
7222,tur,2006,1.160859
7222,tur,2007,2.816172
7222,tur,2008,2.665438
7222,tur,2009,0.198939
7222,tur,2010,0.480409
7222,tur,2011,0.505408
7222,tur,2012,1.496711
7222,tur,2013,0.881369
7222,tur,2014,0.978395
7222,tur,2015,0.377628
7222,tur,2016,0.23508
7222,tuv,1995,0
7222,tuv,1996,0
7222,tuv,1997,0
7222,tuv,1998,0
7222,tuv,1999,0
7222,tuv,2000,0
7222,tuv,2001,0
7222,tuv,2002,0
7222,tuv,2003,0
7222,tuv,2004,0
7222,tuv,2005,0
7222,tuv,2006,0
7222,tuv,2007,0
7222,tuv,2008,0
7222,tuv,2009,0
7222,tuv,2010,0
7222,tuv,2011,0
7222,tuv,2012,0
7222,tuv,2013,0
7222,tuv,2014,0
7222,tuv,2015,0
7222,tuv,2016,0
7222,tza,1995,0
7222,tza,1996,0
7222,tza,1997,0.002088
7222,tza,1998,0
7222,tza,1999,0
7222,tza,2000,0.030292
7222,tza,2001,0.29515
7222,tza,2002,0.054479
7222,tza,2003,0.034518
7222,tza,2004,0.184767
7222,tza,2005,0.907195
7222,tza,2006,0.338566
7222,tza,2007,0.019404
7222,tza,2008,0.022554
7222,tza,2009,0.338814
7222,tza,2010,0.125039
7222,tza,2011,0.019314
7222,tza,2012,0.100174
7222,tza,2013,0.594964
7222,tza,2014,0.088354
7222,tza,2015,0.060735
7222,tza,2016,0.008764
7222,uga,1995,0
7222,uga,1996,0
7222,uga,1997,0
7222,uga,1998,0
7222,uga,1999,0.149694
7222,uga,2000,0
7222,uga,2001,0
7222,uga,2002,0.049594
7222,uga,2003,0.036052
7222,uga,2004,0.082754
7222,uga,2005,0.118037
7222,uga,2006,0.69295
7222,uga,2007,2.93076
7222,uga,2008,0.435815
7222,uga,2009,0.395004
7222,uga,2010,0.283176
7222,uga,2011,0.140159
7222,uga,2012,0.220433
7222,uga,2013,0.1533
7222,uga,2014,0.070187
7222,uga,2015,2.721228
7222,uga,2016,0.163719
7222,ukr,1995,0.195257
7222,ukr,1996,2.342193
7222,ukr,1997,1.959255
7222,ukr,1998,0.588511
7222,ukr,1999,1.738744
7222,ukr,2000,9.897664
7222,ukr,2001,10.529529
7222,ukr,2002,6.174328
7222,ukr,2003,5.662055
7222,ukr,2004,7.226113
7222,ukr,2005,7.186381
7222,ukr,2006,6.401536
7222,ukr,2007,6.806334
7222,ukr,2008,4.50672
7222,ukr,2009,4.468003
7222,ukr,2010,6.980491
7222,ukr,2011,7.890924
7222,ukr,2012,6.023842
7222,ukr,2013,5.651792
7222,ukr,2014,6.27566
7222,ukr,2015,6.450632
7222,ukr,2016,6.671528
7222,ury,1995,0.019913
7222,ury,1996,0
7222,ury,1997,0
7222,ury,1998,0
7222,ury,1999,0
7222,ury,2000,0
7222,ury,2001,0.043751
7222,ury,2002,0.013384
7222,ury,2003,0
7222,ury,2004,0
7222,ury,2005,0
7222,ury,2006,0.001379
7222,ury,2007,0.00058
7222,ury,2008,0
7222,ury,2009,0.003016
7222,ury,2010,0.000438
7222,ury,2011,0
7222,ury,2012,0.047713
7222,ury,2013,0.000457
7222,ury,2014,0.005986
7222,ury,2015,0.002735
7222,ury,2016,0.000084
7222,usa,1995,0.265778
7222,usa,1996,0.325041
7222,usa,1997,0.289011
7222,usa,1998,0.341758
7222,usa,1999,0.412695
7222,usa,2000,0.382849
7222,usa,2001,0.44283
7222,usa,2002,0.459414
7222,usa,2003,0.417084
7222,usa,2004,0.432634
7222,usa,2005,0.478541
7222,usa,2006,0.521481
7222,usa,2007,0.450869
7222,usa,2008,0.531904
7222,usa,2009,0.620319
7222,usa,2010,0.571971
7222,usa,2011,0.574053
7222,usa,2012,0.728534
7222,usa,2013,0.687981
7222,usa,2014,0.679019
7222,usa,2015,0.693359
7222,usa,2016,0.719239
7222,uzb,1995,0
7222,uzb,1996,0
7222,uzb,1997,0.055016
7222,uzb,1998,0
7222,uzb,1999,0
7222,uzb,2000,0.045247
7222,uzb,2001,0
7222,uzb,2002,0
7222,uzb,2003,0
7222,uzb,2004,0
7222,uzb,2005,0
7222,uzb,2006,0
7222,uzb,2007,0
7222,uzb,2008,0
7222,uzb,2009,0
7222,uzb,2010,0.000121
7222,uzb,2011,0
7222,uzb,2012,0
7222,uzb,2013,0
7222,uzb,2014,0
7222,uzb,2015,0
7222,uzb,2016,0
7222,vct,1995,0
7222,vct,1996,0
7222,vct,1997,0
7222,vct,1998,0
7222,vct,1999,0
7222,vct,2000,0
7222,vct,2001,0
7222,vct,2002,0
7222,vct,2003,0
7222,vct,2004,0
7222,vct,2005,0
7222,vct,2006,0.019456
7222,vct,2007,0
7222,vct,2008,0
7222,vct,2009,0
7222,vct,2010,0.002579
7222,vct,2011,0
7222,vct,2012,0
7222,vct,2013,2.547427
7222,vct,2014,0
7222,vct,2015,0
7222,vct,2016,0
7222,ven,1995,0.020451
7222,ven,1996,0.000491
7222,ven,1997,0.013584
7222,ven,1998,0.001441
7222,ven,1999,0.063412
7222,ven,2000,0.010488
7222,ven,2001,0.008377
7222,ven,2002,0.04209
7222,ven,2003,0.009463
7222,ven,2004,0.001458
7222,ven,2005,0.006075
7222,ven,2006,0
7222,ven,2007,0.000651
7222,ven,2008,0.000384
7222,ven,2009,0.000258
7222,ven,2010,0
7222,ven,2011,0.000455
7222,ven,2012,0.000236
7222,ven,2013,0.00195
7222,ven,2014,0.000951
7222,ven,2015,0
7222,ven,2016,0
7222,vgb,1995,0
7222,vgb,1996,0
7222,vgb,1997,0.016414
7222,vgb,1998,0.013915
7222,vgb,1999,0
7222,vgb,2000,0
7222,vgb,2001,0
7222,vgb,2002,0
7222,vgb,2003,0
7222,vgb,2004,0
7222,vgb,2005,0
7222,vgb,2006,0.464029
7222,vgb,2007,0.037586
7222,vgb,2008,0.140565
7222,vgb,2009,0
7222,vgb,2010,0.064806
7222,vgb,2011,0
7222,vgb,2012,0
7222,vgb,2013,0
7222,vgb,2014,0.024246
7222,vgb,2015,0.045547
7222,vgb,2016,0.022522
7222,vnm,1995,0
7222,vnm,1996,0.014481
7222,vnm,1997,0.00184
7222,vnm,1998,0
7222,vnm,1999,0
7222,vnm,2000,0.068907
7222,vnm,2001,0.014067
7222,vnm,2002,0.005014
7222,vnm,2003,0.76372
7222,vnm,2004,0.465619
7222,vnm,2005,0.448759
7222,vnm,2006,0.309766
7222,vnm,2007,0.052359
7222,vnm,2008,0.129672
7222,vnm,2009,0.058634
7222,vnm,2010,0.241303
7222,vnm,2011,0.288145
7222,vnm,2012,0.250232
7222,vnm,2013,0.203906
7222,vnm,2014,0.237767
7222,vnm,2015,0.193019
7222,vnm,2016,0.151194
7222,vut,1995,0
7222,vut,1996,0
7222,vut,1997,0
7222,vut,1998,0
7222,vut,1999,0
7222,vut,2000,0
7222,vut,2001,0
7222,vut,2002,0
7222,vut,2003,0
7222,vut,2004,0
7222,vut,2005,0
7222,vut,2006,0
7222,vut,2007,0
7222,vut,2008,0
7222,vut,2009,0
7222,vut,2010,0
7222,vut,2011,0
7222,vut,2012,0
7222,vut,2013,0
7222,vut,2014,0
7222,vut,2015,0
7222,vut,2016,0
7222,wlf,1995,0
7222,wlf,1996,0
7222,wlf,1997,0
7222,wlf,1998,0
7222,wlf,1999,0
7222,wlf,2000,0
7222,wlf,2001,0
7222,wlf,2002,0
7222,wlf,2003,0
7222,wlf,2004,340.27466
7222,wlf,2005,0
7222,wlf,2006,0
7222,wlf,2007,0
7222,wlf,2008,0
7222,wlf,2009,0
7222,wlf,2010,0
7222,wlf,2011,0
7222,wlf,2012,0
7222,wlf,2013,0
7222,wlf,2014,2.42647
7222,wlf,2015,0
7222,wlf,2016,0
7222,wsm,1995,0
7222,wsm,1996,0
7222,wsm,1997,0
7222,wsm,1998,0
7222,wsm,1999,0
7222,wsm,2000,0
7222,wsm,2001,0
7222,wsm,2002,0
7222,wsm,2003,0
7222,wsm,2004,0
7222,wsm,2005,0
7222,wsm,2006,0
7222,wsm,2007,0.13201
7222,wsm,2008,0.471046
7222,wsm,2009,0
7222,wsm,2010,0
7222,wsm,2011,1.998086
7222,wsm,2012,1.536584
7222,wsm,2013,0.976349
7222,wsm,2014,0
7222,wsm,2015,0
7222,wsm,2016,0
7222,yem,1995,0
7222,yem,1996,0
7222,yem,1997,0
7222,yem,1998,0
7222,yem,1999,0
7222,yem,2000,0
7222,yem,2001,0
7222,yem,2002,0
7222,yem,2003,0.000102
7222,yem,2004,0
7222,yem,2005,0.007103
7222,yem,2006,0
7222,yem,2007,0.006479
7222,yem,2008,0
7222,yem,2009,0
7222,yem,2010,0
7222,yem,2011,0
7222,yem,2012,0
7222,yem,2013,0
7222,yem,2014,0
7222,yem,2015,0
7222,yem,2016,0
7222,zaf,1995,0.097202
7222,zaf,1996,0.269548
7222,zaf,1997,0.244841
7222,zaf,1998,0.229831
7222,zaf,1999,0.269057
7222,zaf,2000,0.49063
7222,zaf,2001,0.228389
7222,zaf,2002,0.422806
7222,zaf,2003,0.509065
7222,zaf,2004,0.345885
7222,zaf,2005,0.294889
7222,zaf,2006,0.215719
7222,zaf,2007,0.173518
7222,zaf,2008,0.304677
7222,zaf,2009,0.539257
7222,zaf,2010,0.296025
7222,zaf,2011,0.246296
7222,zaf,2012,0.293014
7222,zaf,2013,0.298735
7222,zaf,2014,0.237306
7222,zaf,2015,0.354952
7222,zaf,2016,0.436061
7222,zmb,1995,0.016791
7222,zmb,1996,0.025039
7222,zmb,1997,0.008129
7222,zmb,1998,0.168433
7222,zmb,1999,0
7222,zmb,2000,0
7222,zmb,2001,0.002871
7222,zmb,2002,0.069782
7222,zmb,2003,0.022314
7222,zmb,2004,0.066305
7222,zmb,2005,0.051058
7222,zmb,2006,0.043807
7222,zmb,2007,0.049144
7222,zmb,2008,0.279748
7222,zmb,2009,0.153552
7222,zmb,2010,1.343489
7222,zmb,2011,0.265774
7222,zmb,2012,1.15374
7222,zmb,2013,0.632488
7222,zmb,2014,0.266757
7222,zmb,2015,0.134862
7222,zmb,2016,0.000309
7222,zwe,1995,0.178063
7222,zwe,1996,0.027639
7222,zwe,1997,0.071515
7222,zwe,1998,0.025614
7222,zwe,1999,0.091918
7222,zwe,2000,0.046799
7222,zwe,2001,0.034598
7222,zwe,2002,1.19256
7222,zwe,2003,0.791518
7222,zwe,2004,2.4634
7222,zwe,2005,1.912665
7222,zwe,2006,0.166743
7222,zwe,2007,0.210974
7222,zwe,2008,0.06921
7222,zwe,2009,0.083036
7222,zwe,2010,0.058002
7222,zwe,2011,0.245074
7222,zwe,2012,0.107824
7222,zwe,2013,0
7222,zwe,2014,0.003381
7222,zwe,2015,0.033418
7222,zwe,2016,0
7222,twn,1995,0.550709
7222,twn,1996,0.755884
7222,twn,1997,0.947726
7222,twn,1998,1.10634
7222,twn,1999,1.260534
7222,twn,2000,1.201084
7222,twn,2001,1.533497
7222,twn,2002,1.921218
7222,twn,2003,1.742372
7222,twn,2004,1.821458
7222,twn,2005,2.174087
7222,twn,2006,1.970057
7222,twn,2007,1.779512
7222,twn,2008,2.030664
7222,twn,2009,2.324503
7222,twn,2010,2.032858
7222,twn,2011,2.253706
7222,twn,2012,2.421012
7222,twn,2013,2.221885
7222,twn,2014,2.510917
7222,twn,2015,2.70212
7222,twn,2016,2.335099
7222,ans,1995,0.092353
7222,ans,1996,0.105476
7222,ans,1997,0.102078
7222,ans,1998,0.123318
7222,ans,1999,0.365736
7222,ans,2000,0.066512
7222,ans,2001,0.01997
7222,ans,2002,0.113002
7222,ans,2003,0.041452
7222,ans,2004,0.086328
7222,ans,2005,0.14354
7222,ans,2006,0.090129
7222,ans,2007,0.09446
7222,ans,2008,0.095081
7222,ans,2009,0.122917
7222,ans,2010,0.11286
7222,ans,2011,0.101503
7222,ans,2012,0.099791
7222,ans,2013,0.068518
7222,ans,2014,0.123507
7222,ans,2015,0.167537
7222,ans,2016,0.146164
7222,lux,1999,8.550241
7222,lux,2000,8.911321
7222,lux,2001,7.359897
7222,lux,2002,8.629077
7222,lux,2003,6.469557
7222,lux,2004,4.555331
7222,lux,2005,6.479961
7222,lux,2006,5.607482
7222,lux,2007,5.179322
7222,lux,2008,6.933362
7222,lux,2009,7.087946
7222,lux,2010,9.798958
7222,lux,2011,6.60333
7222,lux,2012,8.357176
7222,lux,2013,6.759744
7222,lux,2014,6.407196
7222,lux,2015,7.157291
7222,lux,2016,8.403443
7222,asm,2000,8.163794
7222,asm,2001,0
7222,asm,2002,0.067354
7222,asm,2003,0
7222,asm,2004,0.308977
7222,asm,2005,0
7222,asm,2006,0
7222,asm,2007,0
7222,asm,2008,0
7222,asm,2009,0.293084
7222,asm,2010,0
7222,asm,2011,0
7222,asm,2012,0
7222,asm,2013,0
7222,asm,2014,0.163818
7222,asm,2015,0
7222,asm,2016,0
7222,ata,2000,0
7222,ata,2001,0
7222,ata,2002,0
7222,ata,2003,0
7222,ata,2004,0
7222,ata,2005,0
7222,ata,2006,0
7222,ata,2007,0
7222,ata,2008,0
7222,ata,2009,0
7222,ata,2010,0
7222,ata,2011,0
7222,ata,2012,0
7222,ata,2013,0
7222,ata,2014,0
7222,ata,2015,0
7222,ata,2016,0
7222,bvt,2000,0
7222,bvt,2001,0
7222,bvt,2002,0
7222,bvt,2003,0
7222,bvt,2004,0
7222,bvt,2005,0
7222,bvt,2006,0
7222,bvt,2007,0
7222,bvt,2008,0
7222,bvt,2009,0
7222,bvt,2010,0
7222,bvt,2011,0
7222,bvt,2012,0
7222,bvt,2013,0
7222,bvt,2014,0
7222,bvt,2015,0
7222,bvt,2016,0
7222,bwa,2000,0
7222,bwa,2001,0
7222,bwa,2002,0.001661
7222,bwa,2003,0.110743
7222,bwa,2004,0.072413
7222,bwa,2005,0.00765
7222,bwa,2006,0.011904
7222,bwa,2007,0.094767
7222,bwa,2008,0.556368
7222,bwa,2009,0.074629
7222,bwa,2010,0.506972
7222,bwa,2011,0.815766
7222,bwa,2012,0.908495
7222,bwa,2013,1.186629
7222,bwa,2014,1.391732
7222,bwa,2015,0.91965
7222,bwa,2016,0.911633
7222,gum,2000,0
7222,gum,2001,0
7222,gum,2002,0
7222,gum,2003,0.215858
7222,gum,2004,0.537902
7222,gum,2005,0
7222,gum,2006,0
7222,gum,2007,0.282529
7222,gum,2008,0.075047
7222,gum,2009,0.157366
7222,gum,2010,0.852271
7222,gum,2011,0.360885
7222,gum,2012,0.869716
7222,gum,2013,0.143028
7222,gum,2014,0
7222,gum,2015,0
7222,gum,2016,0.047907
7222,hmd,2000,0
7222,hmd,2001,0
7222,hmd,2002,0
7222,hmd,2003,0
7222,hmd,2004,0
7222,hmd,2005,0
7222,hmd,2006,0
7222,hmd,2007,0
7222,hmd,2008,0
7222,hmd,2009,0
7222,hmd,2010,0
7222,hmd,2011,0
7222,hmd,2012,0
7222,hmd,2013,0
7222,hmd,2014,0
7222,hmd,2015,0
7222,hmd,2016,0
7222,lso,2000,0
7222,lso,2001,0
7222,lso,2002,0
7222,lso,2003,0
7222,lso,2004,0
7222,lso,2005,0
7222,lso,2006,0
7222,lso,2007,0
7222,lso,2008,0
7222,lso,2009,0
7222,lso,2010,0.005847
7222,lso,2011,0.001058
7222,lso,2012,0.001742
7222,lso,2013,0.02315
7222,lso,2014,0.000751
7222,lso,2015,0
7222,lso,2016,0.001397
7222,myt,2000,0
7222,myt,2001,0
7222,myt,2002,0
7222,myt,2003,0
7222,myt,2004,0
7222,myt,2005,5.347064
7222,myt,2006,0
7222,myt,2007,0
7222,myt,2008,0
7222,myt,2009,0
7222,myt,2010,0
7222,myt,2011,0
7222,myt,2012,0
7222,myt,2013,0
7222,nam,2000,0.127279
7222,nam,2001,0.001049
7222,nam,2002,0.031473
7222,nam,2003,0.050537
7222,nam,2004,0.168176
7222,nam,2005,0.092548
7222,nam,2006,0.093263
7222,nam,2007,0.09141
7222,nam,2008,0.346131
7222,nam,2009,0.286997
7222,nam,2010,0.263177
7222,nam,2011,0.093661
7222,nam,2012,0.180478
7222,nam,2013,0.051706
7222,nam,2014,0.029574
7222,nam,2015,0.224701
7222,nam,2016,0.018258
7222,pse,2000,0
7222,pse,2001,0
7222,pse,2002,0
7222,pse,2003,0
7222,pse,2004,0
7222,pse,2005,0
7222,pse,2006,0
7222,pse,2007,0.0227
7222,pse,2008,0.039614
7222,pse,2009,0
7222,pse,2010,0
7222,pse,2011,0
7222,pse,2012,0
7222,pse,2013,0
7222,pse,2014,0.01527
7222,pse,2015,0.766422
7222,pse,2016,0.731075
7222,sgs,2000,0
7222,sgs,2001,0
7222,sgs,2002,0
7222,sgs,2003,0
7222,sgs,2004,0
7222,sgs,2005,0
7222,sgs,2006,0
7222,sgs,2007,0
7222,sgs,2008,0
7222,sgs,2009,0
7222,sgs,2010,0
7222,sgs,2011,0
7222,sgs,2012,0
7222,sgs,2013,0
7222,sgs,2014,0
7222,sgs,2015,0
7222,sgs,2016,0
7222,smr,2000,0
7222,smr,2001,0
7222,smr,2002,0
7222,smr,2003,0
7222,smr,2004,0
7222,smr,2005,0
7222,smr,2006,0
7222,smr,2007,0.012985
7222,smr,2008,0
7222,smr,2009,0
7222,smr,2010,0
7222,smr,2011,0
7222,smr,2012,0
7222,smr,2013,0
7222,smr,2014,0
7222,smr,2015,0
7222,smr,2016,0
7222,swz,2000,0.064718
7222,swz,2001,0.067296
7222,swz,2002,0.00277
7222,swz,2003,0
7222,swz,2004,0.001603
7222,swz,2005,0.001208
7222,swz,2006,0
7222,swz,2007,0.042392
7222,swz,2008,0.01405
7222,swz,2009,0.004634
7222,swz,2010,0.002917
7222,swz,2011,0.050471
7222,swz,2012,0.006524
7222,swz,2013,0.046491
7222,swz,2014,0.010862
7222,swz,2015,0.030961
7222,swz,2016,0
7222,umi,2000,0.465696
7222,umi,2001,0
7222,umi,2002,0
7222,umi,2003,0.275585
7222,umi,2004,0.386565
7222,umi,2005,0
7222,umi,2006,0
7222,umi,2007,0
7222,umi,2008,0
7222,umi,2009,0
7222,umi,2010,0.096819
7222,umi,2011,0
7222,umi,2012,0
7222,umi,2013,0
7222,umi,2014,0
7222,umi,2015,9.886244
7222,umi,2016,0
7222,vat,2000,0
7222,vat,2001,0
7222,vat,2002,0
7222,vat,2003,0
7222,vat,2004,0
7222,vat,2005,0
7222,vat,2006,0
7222,vat,2007,0
7222,vat,2008,0
7222,vat,2009,0
7222,vat,2010,0
7222,vat,2011,0
7222,vat,2012,0
7222,vat,2013,0
7222,vat,2014,0
7222,vat,2015,0
7222,vat,2016,0
7222,srb,2006,0.04658
7222,srb,2007,0.057387
7222,srb,2008,0.205117
7222,srb,2009,0.105185
7222,srb,2010,0.043543
7222,srb,2011,0.062638
7222,srb,2012,0.213479
7222,srb,2013,0.079622
7222,srb,2014,0.066762
7222,srb,2015,0.054034
7222,srb,2016,0.049176
7222,mne,2006,0.189525
7222,mne,2007,0.135887
7222,mne,2008,0.00655
7222,mne,2009,0.328067
7222,mne,2010,1.242058
7222,mne,2011,0.125959
7222,mne,2012,0.067183
7222,mne,2013,0
7222,mne,2014,0.09938
7222,mne,2015,0.000906
7222,mne,2016,1.233816
7222,bes,2011,0
7222,bes,2012,0
7222,bes,2013,0
7222,bes,2014,0
7222,bes,2015,0
7222,bes,2016,0
7222,cuw,2011,0
7222,cuw,2012,0.001884
7222,cuw,2013,0.035994
7222,cuw,2014,0.00203
7222,cuw,2015,0
7222,cuw,2016,0.000734
7222,sxm,2011,0
7222,sxm,2012,0
7222,sxm,2013,0
7222,sxm,2014,0
7222,sxm,2015,0
7222,sxm,2016,0
7222,ssd,2012,0
7222,ssd,2013,0
7222,ssd,2014,0
7222,ssd,2015,0
7222,ssd,2016,0
7222,blm,2013,0
7222,blm,2014,1.666609
7222,blm,2015,0
7222,blm,2016,0
