product_code_hs,location,year,cog
2527,abw,1995,-0.112359
2527,abw,1996,-0.220745
2527,abw,1997,-0.036359
2527,abw,1998,-0.092978
2527,abw,1999,-0.115321
2527,abw,2000,-0.135332
2527,abw,2001,-0.198468
2527,abw,2002,-0.058193
2527,abw,2003,-0.22068
2527,abw,2004,-0.084256
2527,abw,2005,0.081003
2527,abw,2006,-0.050765
2527,abw,2007,-0.062302
2527,afg,1995,-0.083866
2527,afg,1996,-0.195419
2527,afg,1997,-0.029065
2527,afg,1998,-0.057715
2527,afg,1999,-0.085567
2527,afg,2000,-0.099693
2527,afg,2001,-0.15908
2527,afg,2002,-0.035563
2527,afg,2003,-0.201453
2527,afg,2004,-0.075253
2527,afg,2005,0.087873
2527,afg,2006,-0.039713
2527,afg,2007,-0.057366
2527,ago,1995,-0.114656
2527,ago,1996,-0.219265
2527,ago,1997,-0.034469
2527,ago,1998,-0.086096
2527,ago,1999,-0.114841
2527,ago,2000,-0.130299
2527,ago,2001,-0.196619
2527,ago,2002,-0.056515
2527,ago,2003,-0.222419
2527,ago,2004,-0.084367
2527,ago,2005,0.080716
2527,ago,2006,-0.050665
2527,ago,2007,-0.062885
2527,aia,1995,-0.119949
2527,aia,1996,-0.214267
2527,aia,1997,-0.04535
2527,aia,1998,-0.095922
2527,aia,1999,-0.11071
2527,aia,2000,-0.136652
2527,aia,2001,-0.19928
2527,aia,2002,-0.072217
2527,aia,2003,-0.214712
2527,aia,2004,-0.078608
2527,aia,2005,0.075326
2527,aia,2006,-0.050926
2527,aia,2007,-0.063127
2527,alb,1995,-0.061097
2527,alb,1996,-0.140613
2527,alb,1997,0.001165
2527,alb,1998,-0.013281
2527,alb,1999,-0.047046
2527,alb,2000,-0.072356
2527,alb,2001,-0.128106
2527,alb,2002,-0.029481
2527,alb,2003,-0.180446
2527,alb,2004,-0.06328
2527,alb,2005,0.090448
2527,alb,2006,-0.030986
2527,alb,2007,-0.047438
2527,and,1995,-0.10784
2527,and,1996,-0.207847
2527,and,1997,-0.040753
2527,and,1998,-0.093965
2527,and,1999,-0.10902
2527,and,2000,-0.13911
2527,and,2001,-0.190732
2527,and,2002,-0.061933
2527,and,2003,-0.209308
2527,and,2004,-0.082253
2527,and,2005,0.073464
2527,and,2006,-0.045184
2527,and,2007,-0.063259
2527,ant,1995,-0.106334
2527,ant,1996,-0.216041
2527,ant,1997,-0.034705
2527,ant,1998,-0.083924
2527,ant,1999,-0.106625
2527,ant,2000,-0.13022
2527,ant,2001,-0.185417
2527,ant,2002,-0.051713
2527,ant,2003,-0.20738
2527,ant,2004,-0.08295
2527,ant,2005,0.084979
2527,ant,2006,-0.044634
2527,ant,2007,-0.059543
2527,are,1995,-0.077957
2527,are,1996,-0.188543
2527,are,1997,-0.019495
2527,are,1998,-0.036159
2527,are,1999,-0.063734
2527,are,2000,-0.074448
2527,are,2001,-0.12663
2527,are,2002,-0.032649
2527,are,2003,-0.198486
2527,are,2004,-0.070792
2527,are,2005,0.08324
2527,are,2006,-0.044821
2527,are,2007,-0.059699
2527,arg,1995,-0.057127
2527,arg,1996,-0.161446
2527,arg,1997,-0.000401
2527,arg,1998,-0.02638
2527,arg,1999,-0.057452
2527,arg,2000,0
2527,arg,2001,0
2527,arg,2002,-0.010332
2527,arg,2003,-0.178172
2527,arg,2004,-0.064626
2527,arg,2005,0.093532
2527,arg,2006,-0.031026
2527,arg,2007,-0.046467
2527,arm,1995,-0.112121
2527,arm,1996,-0.207528
2527,arm,1997,-0.032254
2527,arm,1998,-0.076466
2527,arm,1999,-0.096258
2527,arm,2000,-0.12088
2527,arm,2001,-0.168111
2527,arm,2002,-0.051606
2527,arm,2003,-0.211069
2527,arm,2004,-0.079722
2527,arm,2005,0.078994
2527,arm,2006,-0.0456
2527,arm,2007,-0.053762
2527,atf,1995,-0.118012
2527,atf,1996,-0.218821
2527,atf,1997,-0.039741
2527,atf,1998,-0.093076
2527,atf,1999,-0.120135
2527,atf,2000,-0.136766
2527,atf,2001,-0.202841
2527,atf,2002,-0.057445
2527,atf,2003,-0.21705
2527,atf,2004,-0.082415
2527,atf,2005,0.081972
2527,atf,2006,-0.05176
2527,atf,2007,-0.062455
2527,atg,1995,-0.092923
2527,atg,1996,-0.204888
2527,atg,1997,-0.031587
2527,atg,1998,-0.07468
2527,atg,1999,-0.093435
2527,atg,2000,-0.115712
2527,atg,2001,-0.180606
2527,atg,2002,-0.060111
2527,atg,2003,-0.217455
2527,atg,2004,-0.078921
2527,atg,2005,0.085047
2527,atg,2006,-0.049328
2527,atg,2007,-0.059918
2527,aus,1995,0
2527,aus,1996,0
2527,aus,1997,0
2527,aus,1998,0
2527,aus,1999,0
2527,aus,2000,0
2527,aus,2001,0
2527,aus,2002,0
2527,aus,2003,-0.167535
2527,aus,2004,-0.049019
2527,aus,2005,0.101608
2527,aus,2006,-0.025781
2527,aus,2007,-0.02378
2527,aut,1995,-0.185141
2527,aut,1996,-0.254876
2527,aut,1997,-0.091331
2527,aut,1998,-0.188981
2527,aut,1999,-0.186731
2527,aut,2000,-0.217411
2527,aut,2001,-0.283226
2527,aut,2002,-0.109657
2527,aut,2003,-0.226823
2527,aut,2004,-0.090871
2527,aut,2005,0.01109
2527,aut,2006,-0.051206
2527,aut,2007,-0.065657
2527,aze,1995,-0.101134
2527,aze,1996,-0.194225
2527,aze,1997,-0.028213
2527,aze,1998,-0.057125
2527,aze,1999,-0.086799
2527,aze,2000,-0.097548
2527,aze,2001,-0.163291
2527,aze,2002,-0.044464
2527,aze,2003,-0.20696
2527,aze,2004,-0.076702
2527,aze,2005,0.085133
2527,aze,2006,-0.046144
2527,aze,2007,-0.062668
2527,bdi,1995,-0.089875
2527,bdi,1996,-0.205924
2527,bdi,1997,-0.02809
2527,bdi,1998,-0.084622
2527,bdi,1999,-0.101911
2527,bdi,2000,-0.123912
2527,bdi,2001,-0.176792
2527,bdi,2002,-0.043736
2527,bdi,2003,-0.202731
2527,bdi,2004,-0.072595
2527,bdi,2005,0.087298
2527,bdi,2006,-0.044461
2527,bdi,2007,-0.059256
2527,bel,1995,-0.156687
2527,bel,1996,-0.234006
2527,bel,1997,-0.068949
2527,bel,1998,-0.140696
2527,bel,1999,-0.136551
2527,bel,2000,-0.152519
2527,bel,2001,-0.208796
2527,bel,2002,-0.07196
2527,bel,2003,-0.198994
2527,bel,2004,-0.081462
2527,bel,2005,0.042655
2527,bel,2006,-0.04804
2527,bel,2007,-0.062175
2527,ben,1995,-0.089547
2527,ben,1996,-0.186157
2527,ben,1997,-0.025888
2527,ben,1998,-0.061757
2527,ben,1999,-0.076207
2527,ben,2000,-0.102646
2527,ben,2001,-0.16499
2527,ben,2002,-0.033984
2527,ben,2003,-0.195842
2527,ben,2004,-0.075145
2527,ben,2005,0.085618
2527,ben,2006,-0.041378
2527,ben,2007,-0.057406
2527,bfa,1995,-0.095885
2527,bfa,1996,-0.196331
2527,bfa,1997,-0.029493
2527,bfa,1998,-0.066462
2527,bfa,1999,-0.085985
2527,bfa,2000,-0.091796
2527,bfa,2001,-0.114853
2527,bfa,2002,-0.021547
2527,bfa,2003,-0.18208
2527,bfa,2004,-0.069187
2527,bfa,2005,0.092289
2527,bfa,2006,-0.038743
2527,bfa,2007,-0.056681
2527,bgd,1995,-0.069435
2527,bgd,1996,-0.15761
2527,bgd,1997,-0.013003
2527,bgd,1998,-0.021466
2527,bgd,1999,-0.069983
2527,bgd,2000,-0.072077
2527,bgd,2001,-0.130605
2527,bgd,2002,-0.033938
2527,bgd,2003,-0.182126
2527,bgd,2004,-0.063128
2527,bgd,2005,0.093996
2527,bgd,2006,-0.040538
2527,bgd,2007,-0.057212
2527,bgr,1995,-0.06325
2527,bgr,1996,-0.153895
2527,bgr,1997,-0.003707
2527,bgr,1998,-0.013545
2527,bgr,1999,-0.035312
2527,bgr,2000,-0.069684
2527,bgr,2001,-0.1053
2527,bgr,2002,-0.028294
2527,bgr,2003,-0.170773
2527,bgr,2004,-0.063634
2527,bgr,2005,0.086149
2527,bgr,2006,-0.037414
2527,bgr,2007,-0.051985
2527,bhr,1995,-0.087113
2527,bhr,1996,-0.197882
2527,bhr,1997,-0.024172
2527,bhr,1998,0
2527,bhr,1999,-0.098354
2527,bhr,2000,-0.112733
2527,bhr,2001,-0.176762
2527,bhr,2002,-0.043957
2527,bhr,2003,-0.216644
2527,bhr,2004,-0.079504
2527,bhr,2005,0.080434
2527,bhr,2006,-0.048166
2527,bhr,2007,-0.060977
2527,bhs,1995,-0.105353
2527,bhs,1996,-0.206728
2527,bhs,1997,-0.03578
2527,bhs,1998,-0.084735
2527,bhs,1999,-0.107801
2527,bhs,2000,-0.125178
2527,bhs,2001,-0.191721
2527,bhs,2002,-0.053786
2527,bhs,2003,-0.220861
2527,bhs,2004,-0.082298
2527,bhs,2005,0.081754
2527,bhs,2006,-0.049634
2527,bhs,2007,-0.057321
2527,bih,1995,-0.075315
2527,bih,1996,-0.182902
2527,bih,1997,-0.021688
2527,bih,1998,-0.045198
2527,bih,1999,-0.075477
2527,bih,2000,-0.088141
2527,bih,2001,-0.137419
2527,bih,2002,-0.036712
2527,bih,2003,-0.189697
2527,bih,2004,-0.069946
2527,bih,2005,0.084406
2527,bih,2006,-0.040944
2527,bih,2007,-0.059205
2527,blr,1995,-0.0903
2527,blr,1996,0
2527,blr,1997,-0.032962
2527,blr,1998,0
2527,blr,1999,0
2527,blr,2000,-0.119108
2527,blr,2001,-0.188206
2527,blr,2002,-0.058492
2527,blr,2003,-0.208697
2527,blr,2004,-0.07861
2527,blr,2005,0.073721
2527,blr,2006,-0.048991
2527,blr,2007,-0.062546
2527,blz,1995,-0.099764
2527,blz,1996,-0.19933
2527,blz,1997,-0.018048
2527,blz,1998,-0.074518
2527,blz,1999,-0.098024
2527,blz,2000,-0.101258
2527,blz,2001,-0.176504
2527,blz,2002,-0.045991
2527,blz,2003,-0.208819
2527,blz,2004,-0.07908
2527,blz,2005,0.085301
2527,blz,2006,-0.046166
2527,blz,2007,-0.06152
2527,bmu,1995,-0.116958
2527,bmu,1996,-0.224232
2527,bmu,1997,-0.041792
2527,bmu,1998,-0.092823
2527,bmu,1999,-0.115633
2527,bmu,2000,-0.132756
2527,bmu,2001,-0.20167
2527,bmu,2002,-0.06074
2527,bmu,2003,-0.224587
2527,bmu,2004,-0.085319
2527,bmu,2005,0.085122
2527,bmu,2006,-0.050717
2527,bmu,2007,-0.063793
2527,bol,1995,-0.066253
2527,bol,1996,-0.166268
2527,bol,1997,-0.000236
2527,bol,1998,-0.025616
2527,bol,1999,-0.065569
2527,bol,2000,-0.075808
2527,bol,2001,-0.115554
2527,bol,2002,-0.013364
2527,bol,2003,-0.172008
2527,bol,2004,-0.065728
2527,bol,2005,0.095875
2527,bol,2006,-0.034209
2527,bol,2007,-0.050908
2527,bra,1995,-0.069019
2527,bra,1996,0
2527,bra,1997,0
2527,bra,1998,-0.05241
2527,bra,1999,-0.067688
2527,bra,2000,-0.089603
2527,bra,2001,-0.115033
2527,bra,2002,-0.019346
2527,bra,2003,-0.167093
2527,bra,2004,-0.054985
2527,bra,2005,0.080832
2527,bra,2006,-0.034782
2527,bra,2007,-0.043025
2527,brb,1995,-0.107849
2527,brb,1996,-0.205681
2527,brb,1997,-0.037371
2527,brb,1998,-0.080525
2527,brb,1999,-0.105832
2527,brb,2000,-0.139506
2527,brb,2001,-0.190873
2527,brb,2002,-0.05632
2527,brb,2003,-0.213409
2527,brb,2004,-0.080243
2527,brb,2005,0.072963
2527,brb,2006,-0.0501
2527,brb,2007,-0.065076
2527,brn,1995,-0.107415
2527,brn,1996,-0.211428
2527,brn,1997,-0.031476
2527,brn,1998,-0.083269
2527,brn,1999,-0.105748
2527,brn,2000,-0.121528
2527,brn,2001,-0.186976
2527,brn,2002,-0.054092
2527,brn,2003,-0.21428
2527,brn,2004,-0.081165
2527,brn,2005,0.082507
2527,brn,2006,-0.049457
2527,brn,2007,-0.063046
2527,btn,1995,-0.106524
2527,btn,1996,-0.206227
2527,btn,1997,-0.031513
2527,btn,1998,-0.076631
2527,btn,1999,-0.105543
2527,btn,2000,-0.126488
2527,btn,2001,-0.178381
2527,btn,2002,-0.053229
2527,btn,2003,-0.213479
2527,btn,2004,-0.081108
2527,btn,2005,0.079226
2527,btn,2006,-0.049131
2527,btn,2007,-0.063562
2527,caf,1995,-0.104394
2527,caf,1996,-0.19777
2527,caf,1997,0
2527,caf,1998,-0.078964
2527,caf,1999,-0.099612
2527,caf,2000,-0.120746
2527,caf,2001,-0.177366
2527,caf,2002,-0.04947
2527,caf,2003,-0.208463
2527,caf,2004,-0.080665
2527,caf,2005,0.082117
2527,caf,2006,-0.044903
2527,caf,2007,-0.060916
2527,can,1995,0
2527,can,1996,0
2527,can,1997,0
2527,can,1998,0
2527,can,1999,-0.100744
2527,can,2000,-0.127672
2527,can,2001,0
2527,can,2002,-0.053529
2527,can,2003,-0.205211
2527,can,2004,-0.075448
2527,can,2005,0.068606
2527,can,2006,-0.040188
2527,can,2007,-0.050016
2527,cck,1995,-0.086871
2527,cck,1996,-0.203338
2527,cck,1997,-0.03561
2527,cck,1998,-0.083688
2527,cck,1999,-0.106976
2527,cck,2000,-0.130107
2527,cck,2001,-0.200964
2527,cck,2002,-0.055654
2527,cck,2003,-0.219287
2527,cck,2004,-0.081528
2527,cck,2005,0.072818
2527,cck,2006,-0.051324
2527,cck,2007,-0.06224
2527,che,1995,-0.191853
2527,che,1996,-0.25776
2527,che,1997,-0.091533
2527,che,1998,-0.204959
2527,che,1999,-0.190249
2527,che,2000,-0.221642
2527,che,2001,-0.292099
2527,che,2002,0
2527,che,2003,-0.231753
2527,che,2004,-0.097968
2527,che,2005,0.012878
2527,che,2006,-0.057619
2527,che,2007,-0.065859
2527,chl,1995,-0.058512
2527,chl,1996,-0.15911
2527,chl,1997,0.003318
2527,chl,1998,-0.031583
2527,chl,1999,-0.058044
2527,chl,2000,-0.081127
2527,chl,2001,-0.120749
2527,chl,2002,-0.020919
2527,chl,2003,-0.191669
2527,chl,2004,-0.072972
2527,chl,2005,0.091251
2527,chl,2006,-0.039162
2527,chl,2007,-0.055071
2527,chn,1995,-0.007385
2527,chn,1996,0
2527,chn,1997,0.024802
2527,chn,1998,0.038245
2527,chn,1999,-0.004092
2527,chn,2000,0
2527,chn,2001,0
2527,chn,2002,0.00012
2527,chn,2003,-0.113949
2527,chn,2004,-0.036514
2527,chn,2005,0.079367
2527,chn,2006,-0.034337
2527,chn,2007,-0.052495
2527,civ,1995,-0.05173
2527,civ,1996,-0.154429
2527,civ,1997,-0.003483
2527,civ,1998,-0.025226
2527,civ,1999,-0.064081
2527,civ,2000,-0.068888
2527,civ,2001,-0.105987
2527,civ,2002,-0.016778
2527,civ,2003,-0.176125
2527,civ,2004,-0.062338
2527,civ,2005,0.092327
2527,civ,2006,-0.03881
2527,civ,2007,-0.057124
2527,cmr,1995,-0.072141
2527,cmr,1996,-0.180633
2527,cmr,1997,-0.014202
2527,cmr,1998,-0.048945
2527,cmr,1999,-0.079068
2527,cmr,2000,-0.093067
2527,cmr,2001,-0.145243
2527,cmr,2002,-0.030438
2527,cmr,2003,-0.18636
2527,cmr,2004,-0.069161
2527,cmr,2005,0.088199
2527,cmr,2006,-0.045148
2527,cmr,2007,-0.061035
2527,cod,1995,-0.072913
2527,cod,1996,-0.187034
2527,cod,1997,-0.019338
2527,cod,1998,-0.073615
2527,cod,1999,-0.095542
2527,cod,2000,-0.118872
2527,cod,2001,-0.166664
2527,cod,2002,-0.036228
2527,cod,2003,-0.187497
2527,cod,2004,-0.069182
2527,cod,2005,0.09227
2527,cod,2006,-0.037393
2527,cod,2007,-0.053073
2527,cog,1995,-0.110268
2527,cog,1996,-0.213505
2527,cog,1997,-0.030622
2527,cog,1998,-0.072871
2527,cog,1999,-0.095735
2527,cog,2000,-0.121089
2527,cog,2001,-0.167696
2527,cog,2002,-0.034896
2527,cog,2003,-0.19665
2527,cog,2004,-0.073962
2527,cog,2005,0.08615
2527,cog,2006,-0.03973
2527,cog,2007,-0.054879
2527,cok,1995,-0.093661
2527,cok,1996,-0.194537
2527,cok,1997,-0.028325
2527,cok,1998,-0.064485
2527,cok,1999,-0.098547
2527,cok,2000,-0.116495
2527,cok,2001,-0.175945
2527,cok,2002,-0.049552
2527,cok,2003,-0.207833
2527,cok,2004,-0.080208
2527,cok,2005,0.081107
2527,cok,2006,-0.047878
2527,cok,2007,-0.06152
2527,col,1995,-0.067527
2527,col,1996,-0.180084
2527,col,1997,-0.016961
2527,col,1998,-0.048895
2527,col,1999,-0.072371
2527,col,2000,-0.087875
2527,col,2001,-0.137568
2527,col,2002,-0.02957
2527,col,2003,-0.184403
2527,col,2004,-0.066587
2527,col,2005,0.091081
2527,col,2006,-0.038231
2527,col,2007,-0.055344
2527,com,1995,-0.101355
2527,com,1996,-0.193517
2527,com,1997,-0.033837
2527,com,1998,-0.08921
2527,com,1999,-0.110459
2527,com,2000,-0.12322
2527,com,2001,-0.191621
2527,com,2002,-0.052113
2527,com,2003,-0.218861
2527,com,2004,-0.080763
2527,com,2005,0.08281
2527,com,2006,-0.050499
2527,com,2007,-0.06248
2527,cpv,1995,-0.094767
2527,cpv,1996,-0.209464
2527,cpv,1997,-0.034101
2527,cpv,1998,-0.088492
2527,cpv,1999,-0.111301
2527,cpv,2000,-0.122051
2527,cpv,2001,-0.172609
2527,cpv,2002,-0.050892
2527,cpv,2003,-0.212398
2527,cpv,2004,-0.079386
2527,cpv,2005,0.079317
2527,cpv,2006,-0.049112
2527,cpv,2007,-0.06223
2527,cri,1995,-0.050997
2527,cri,1996,-0.145071
2527,cri,1997,-0.002157
2527,cri,1998,-0.019727
2527,cri,1999,-0.067488
2527,cri,2000,-0.085297
2527,cri,2001,-0.14934
2527,cri,2002,-0.035139
2527,cri,2003,-0.192244
2527,cri,2004,-0.071767
2527,cri,2005,0.087941
2527,cri,2006,-0.044337
2527,cri,2007,-0.060267
2527,cub,1995,-0.086037
2527,cub,1996,-0.196311
2527,cub,1997,-0.023586
2527,cub,1998,-0.067093
2527,cub,1999,-0.089502
2527,cub,2000,-0.111386
2527,cub,2001,-0.158079
2527,cub,2002,-0.034386
2527,cub,2003,-0.191482
2527,cub,2004,-0.066608
2527,cub,2005,0.08615
2527,cub,2006,-0.041543
2527,cub,2007,-0.057551
2527,cxr,1995,-0.114443
2527,cxr,1996,-0.220087
2527,cxr,1997,-0.037393
2527,cxr,1998,-0.095976
2527,cxr,1999,-0.114265
2527,cxr,2000,-0.129048
2527,cxr,2001,-0.196996
2527,cxr,2002,-0.054122
2527,cxr,2003,-0.219987
2527,cxr,2004,-0.081377
2527,cxr,2005,0.077686
2527,cxr,2006,-0.047185
2527,cxr,2007,-0.065322
2527,cym,1995,-0.116799
2527,cym,1996,-0.207138
2527,cym,1997,-0.032128
2527,cym,1998,-0.090669
2527,cym,1999,-0.119291
2527,cym,2000,-0.131135
2527,cym,2001,-0.193749
2527,cym,2002,-0.056461
2527,cym,2003,-0.219084
2527,cym,2004,-0.084805
2527,cym,2005,0.07981
2527,cym,2006,-0.052212
2527,cym,2007,-0.063292
2527,cyp,1995,-0.083451
2527,cyp,1996,-0.176138
2527,cyp,1997,-0.017967
2527,cyp,1998,-0.037255
2527,cyp,1999,-0.07675
2527,cyp,2000,-0.08423
2527,cyp,2001,-0.141862
2527,cyp,2002,-0.037276
2527,cyp,2003,-0.195049
2527,cyp,2004,-0.070544
2527,cyp,2005,0.076813
2527,cyp,2006,-0.044478
2527,cyp,2007,-0.055794
2527,cze,1995,-0.127552
2527,cze,1996,-0.209353
2527,cze,1997,-0.060852
2527,cze,1998,-0.118324
2527,cze,1999,-0.139003
2527,cze,2000,-0.160788
2527,cze,2001,0
2527,cze,2002,-0.098772
2527,cze,2003,-0.220114
2527,cze,2004,-0.090424
2527,cze,2005,0.027771
2527,cze,2006,-0.055167
2527,cze,2007,-0.064648
2527,deu,1995,-0.254596
2527,deu,1996,-0.302897
2527,deu,1997,-0.131128
2527,deu,1998,-0.280826
2527,deu,1999,-0.253161
2527,deu,2000,-0.288157
2527,deu,2001,-0.360532
2527,deu,2002,-0.173354
2527,deu,2003,-0.245327
2527,deu,2004,-0.109572
2527,deu,2005,0
2527,deu,2006,-0.069458
2527,deu,2007,-0.076516
2527,dji,1995,-0.086169
2527,dji,1996,-0.195204
2527,dji,1997,-0.021857
2527,dji,1998,-0.067144
2527,dji,1999,-0.080503
2527,dji,2000,-0.115088
2527,dji,2001,-0.148754
2527,dji,2002,-0.048897
2527,dji,2003,-0.191294
2527,dji,2004,-0.071753
2527,dji,2005,0.081696
2527,dji,2006,-0.044831
2527,dji,2007,-0.060204
2527,dma,1995,-0.097467
2527,dma,1996,-0.185318
2527,dma,1997,-0.036771
2527,dma,1998,-0.087206
2527,dma,1999,-0.10233
2527,dma,2000,-0.127288
2527,dma,2001,-0.186386
2527,dma,2002,-0.043045
2527,dma,2003,-0.199495
2527,dma,2004,-0.074567
2527,dma,2005,0.082536
2527,dma,2006,-0.045396
2527,dma,2007,-0.062197
2527,dnk,1995,-0.12348
2527,dnk,1996,-0.213495
2527,dnk,1997,0
2527,dnk,1998,-0.122697
2527,dnk,1999,0
2527,dnk,2000,0
2527,dnk,2001,0
2527,dnk,2002,-0.076732
2527,dnk,2003,-0.210753
2527,dnk,2004,-0.078859
2527,dnk,2005,0.054444
2527,dnk,2006,-0.049219
2527,dnk,2007,-0.061094
2527,dom,1995,-0.070699
2527,dom,1996,-0.163913
2527,dom,1997,-0.007238
2527,dom,1998,-0.030035
2527,dom,1999,-0.063485
2527,dom,2000,-0.079149
2527,dom,2001,-0.123749
2527,dom,2002,-0.022139
2527,dom,2003,-0.169054
2527,dom,2004,-0.062483
2527,dom,2005,0.093926
2527,dom,2006,-0.03891
2527,dom,2007,-0.056908
2527,dza,1995,-0.104335
2527,dza,1996,-0.210753
2527,dza,1997,-0.034191
2527,dza,1998,-0.075004
2527,dza,1999,-0.103657
2527,dza,2000,-0.125121
2527,dza,2001,-0.190054
2527,dza,2002,-0.050815
2527,dza,2003,-0.215329
2527,dza,2004,-0.082371
2527,dza,2005,0.083283
2527,dza,2006,-0.046938
2527,dza,2007,-0.062676
2527,ecu,1995,-0.06545
2527,ecu,1996,-0.163229
2527,ecu,1997,-0.001636
2527,ecu,1998,-0.025391
2527,ecu,1999,-0.065469
2527,ecu,2000,-0.071679
2527,ecu,2001,-0.118857
2527,ecu,2002,-0.014189
2527,ecu,2003,-0.17967
2527,ecu,2004,-0.065388
2527,ecu,2005,0.088302
2527,ecu,2006,-0.044752
2527,ecu,2007,-0.056174
2527,egy,1995,0
2527,egy,1996,0
2527,egy,1997,0.000541
2527,egy,1998,0
2527,egy,1999,0
2527,egy,2000,0
2527,egy,2001,0
2527,egy,2002,0
2527,egy,2003,0
2527,egy,2004,-0.06295
2527,egy,2005,0
2527,egy,2006,0
2527,egy,2007,-0.048858
2527,eri,1995,-0.108123
2527,eri,1996,-0.203089
2527,eri,1997,-0.028561
2527,eri,1998,-0.068152
2527,eri,1999,-0.095684
2527,eri,2000,-0.112936
2527,eri,2001,-0.190134
2527,eri,2002,-0.055404
2527,eri,2003,-0.207512
2527,eri,2004,-0.078553
2527,eri,2005,0.082771
2527,eri,2006,-0.045957
2527,eri,2007,-0.061306
2527,esh,1995,-0.118082
2527,esh,1996,-0.219571
2527,esh,1997,-0.044001
2527,esh,1998,-0.092741
2527,esh,1999,-0.114702
2527,esh,2000,-0.130577
2527,esh,2001,-0.188091
2527,esh,2002,-0.06286
2527,esh,2003,-0.22422
2527,esh,2004,-0.085009
2527,esh,2005,0.077906
2527,esh,2006,-0.051848
2527,esh,2007,-0.063863
2527,esp,1995,-0.11056
2527,esp,1996,-0.188599
2527,esp,1997,-0.036455
2527,esp,1998,0
2527,esp,1999,-0.0865
2527,esp,2000,-0.122733
2527,esp,2001,-0.162667
2527,esp,2002,-0.047365
2527,esp,2003,-0.182528
2527,esp,2004,-0.07438
2527,esp,2005,0.062717
2527,esp,2006,-0.038638
2527,esp,2007,-0.056556
2527,est,1995,-0.068579
2527,est,1996,-0.165432
2527,est,1997,0
2527,est,1998,0
2527,est,1999,-0.070064
2527,est,2000,-0.096663
2527,est,2001,-0.141611
2527,est,2002,-0.036634
2527,est,2003,-0.188389
2527,est,2004,-0.070034
2527,est,2005,0.069687
2527,est,2006,-0.049854
2527,est,2007,-0.057915
2527,eth,1995,-0.09105
2527,eth,1996,-0.196973
2527,eth,1997,-0.019711
2527,eth,1998,-0.0445
2527,eth,1999,-0.069934
2527,eth,2000,-0.090069
2527,eth,2001,-0.125109
2527,eth,2002,-0.015098
2527,eth,2003,0
2527,eth,2004,-0.065858
2527,eth,2005,0.10141
2527,eth,2006,-0.03324
2527,eth,2007,-0.049366
2527,fin,1995,-0.167711
2527,fin,1996,-0.258225
2527,fin,1997,-0.084298
2527,fin,1998,-0.17278
2527,fin,1999,-0.17824
2527,fin,2000,-0.194171
2527,fin,2001,-0.262842
2527,fin,2002,-0.098179
2527,fin,2003,-0.236123
2527,fin,2004,-0.092356
2527,fin,2005,0.038029
2527,fin,2006,-0.058692
2527,fin,2007,-0.070113
2527,fji,1995,-0.073329
2527,fji,1996,-0.176285
2527,fji,1997,-0.013963
2527,fji,1998,-0.034745
2527,fji,1999,-0.059824
2527,fji,2000,-0.060139
2527,fji,2001,-0.124856
2527,fji,2002,-0.023153
2527,fji,2003,-0.171117
2527,fji,2004,-0.059046
2527,fji,2005,0.092899
2527,fji,2006,-0.037448
2527,fji,2007,-0.056997
2527,flk,1995,-0.11664
2527,flk,1996,-0.221184
2527,flk,1997,-0.039377
2527,flk,1998,-0.090219
2527,flk,1999,-0.115493
2527,flk,2000,-0.13139
2527,flk,2001,-0.191246
2527,flk,2002,-0.057629
2527,flk,2003,-0.222751
2527,flk,2004,-0.083832
2527,flk,2005,0.080845
2527,flk,2006,-0.051219
2527,flk,2007,-0.062335
2527,fra,1995,-0.186868
2527,fra,1996,-0.254283
2527,fra,1997,-0.087322
2527,fra,1998,-0.17428
2527,fra,1999,-0.175464
2527,fra,2000,-0.197781
2527,fra,2001,-0.258926
2527,fra,2002,-0.085743
2527,fra,2003,-0.206254
2527,fra,2004,-0.08603
2527,fra,2005,0.021297
2527,fra,2006,-0.050011
2527,fra,2007,-0.064784
2527,fro,1995,-0.109888
2527,fro,1996,-0.212145
2527,fro,1997,-0.028782
2527,fro,1998,-0.080094
2527,fro,1999,-0.104968
2527,fro,2000,-0.120587
2527,fro,2001,-0.183189
2527,fro,2002,-0.052315
2527,fro,2003,-0.218707
2527,fro,2004,-0.081576
2527,fro,2005,0.081955
2527,fro,2006,-0.050227
2527,fro,2007,-0.061922
2527,fsm,1995,-0.108583
2527,fsm,1996,-0.203173
2527,fsm,1997,-0.030416
2527,fsm,1998,-0.077927
2527,fsm,1999,-0.10338
2527,fsm,2000,-0.117409
2527,fsm,2001,-0.179269
2527,fsm,2002,-0.053041
2527,fsm,2003,-0.21385
2527,fsm,2004,-0.078232
2527,fsm,2005,0.080855
2527,fsm,2006,-0.051648
2527,fsm,2007,-0.063381
2527,gab,1995,-0.110069
2527,gab,1996,-0.211986
2527,gab,1997,-0.035859
2527,gab,1998,-0.083721
2527,gab,1999,-0.102769
2527,gab,2000,-0.126885
2527,gab,2001,-0.184478
2527,gab,2002,-0.054259
2527,gab,2003,-0.218505
2527,gab,2004,-0.081641
2527,gab,2005,0.083758
2527,gab,2006,-0.046622
2527,gab,2007,-0.060026
2527,gbr,1995,-0.191242
2527,gbr,1996,-0.250995
2527,gbr,1997,-0.096613
2527,gbr,1998,-0.198406
2527,gbr,1999,-0.186762
2527,gbr,2000,-0.207353
2527,gbr,2001,-0.266927
2527,gbr,2002,-0.109209
2527,gbr,2003,-0.225164
2527,gbr,2004,-0.089723
2527,gbr,2005,0.012723
2527,gbr,2006,-0.054924
2527,gbr,2007,-0.06642
2527,geo,1995,-0.114723
2527,geo,1996,-0.180289
2527,geo,1997,-0.010283
2527,geo,1998,-0.060408
2527,geo,1999,-0.081405
2527,geo,2000,-0.106845
2527,geo,2001,-0.157832
2527,geo,2002,-0.047436
2527,geo,2003,-0.20898
2527,geo,2004,-0.076904
2527,geo,2005,0.085074
2527,geo,2006,-0.041842
2527,geo,2007,-0.056157
2527,gha,1995,-0.079507
2527,gha,1996,-0.166309
2527,gha,1997,-0.004328
2527,gha,1998,-0.033788
2527,gha,1999,-0.05939
2527,gha,2000,-0.067988
2527,gha,2001,-0.111214
2527,gha,2002,-0.021077
2527,gha,2003,-0.15993
2527,gha,2004,-0.061013
2527,gha,2005,0.09179
2527,gha,2006,-0.039576
2527,gha,2007,-0.054411
2527,gib,1995,-0.107163
2527,gib,1996,-0.214161
2527,gib,1997,-0.036645
2527,gib,1998,-0.082308
2527,gib,1999,-0.102345
2527,gib,2000,-0.138814
2527,gib,2001,-0.193217
2527,gib,2002,-0.05247
2527,gib,2003,-0.221594
2527,gib,2004,-0.082914
2527,gib,2005,0.079234
2527,gib,2006,-0.049156
2527,gib,2007,-0.061633
2527,gin,1995,-0.088847
2527,gin,1996,-0.188596
2527,gin,1997,-0.016572
2527,gin,1998,-0.063597
2527,gin,1999,-0.091535
2527,gin,2000,-0.109801
2527,gin,2001,-0.153054
2527,gin,2002,-0.034271
2527,gin,2003,-0.185257
2527,gin,2004,-0.070325
2527,gin,2005,0.084285
2527,gin,2006,-0.046834
2527,gin,2007,-0.060295
2527,glp,1995,-0.103654
2527,gmb,1995,-0.100495
2527,gmb,1996,-0.206162
2527,gmb,1997,-0.029785
2527,gmb,1998,-0.062492
2527,gmb,1999,-0.090407
2527,gmb,2000,-0.103031
2527,gmb,2001,-0.158422
2527,gmb,2002,-0.03628
2527,gmb,2003,-0.192879
2527,gmb,2004,-0.070332
2527,gmb,2005,0.083692
2527,gmb,2006,-0.043613
2527,gmb,2007,-0.058606
2527,gnb,1995,-0.103922
2527,gnb,1996,-0.208668
2527,gnb,1997,-0.025568
2527,gnb,1998,-0.074563
2527,gnb,1999,-0.104151
2527,gnb,2000,-0.120875
2527,gnb,2001,-0.189534
2527,gnb,2002,-0.055158
2527,gnb,2003,-0.206475
2527,gnb,2004,-0.078052
2527,gnb,2005,0.08486
2527,gnb,2006,-0.049844
2527,gnb,2007,-0.062058
2527,gnq,1995,-0.105236
2527,gnq,1996,-0.209752
2527,gnq,1997,-0.033685
2527,gnq,1998,-0.081784
2527,gnq,1999,-0.109096
2527,gnq,2000,-0.124137
2527,gnq,2001,-0.193392
2527,gnq,2002,-0.054979
2527,gnq,2003,-0.218673
2527,gnq,2004,-0.082087
2527,gnq,2005,0.080402
2527,gnq,2006,-0.050695
2527,gnq,2007,-0.063594
2527,grc,1995,-0.04806
2527,grc,1996,-0.150086
2527,grc,1997,0.00574
2527,grc,1998,0
2527,grc,1999,-0.040648
2527,grc,2000,-0.060336
2527,grc,2001,-0.106646
2527,grc,2002,-0.020182
2527,grc,2003,-0.175513
2527,grc,2004,-0.062641
2527,grc,2005,0.0895
2527,grc,2006,-0.032127
2527,grc,2007,-0.051625
2527,grd,1995,-0.098349
2527,grd,1996,-0.195673
2527,grd,1997,-0.031686
2527,grd,1998,-0.077468
2527,grd,1999,-0.096022
2527,grd,2000,-0.114159
2527,grd,2001,-0.174332
2527,grd,2002,-0.045994
2527,grd,2003,-0.201241
2527,grd,2004,-0.075528
2527,grd,2005,0.079539
2527,grd,2006,-0.049311
2527,grd,2007,-0.062207
2527,grl,1995,-0.106946
2527,grl,1996,0
2527,grl,1997,-0.030335
2527,grl,1998,0
2527,grl,1999,0
2527,grl,2000,0
2527,grl,2001,-0.188988
2527,grl,2002,-0.0538
2527,grl,2003,-0.219252
2527,grl,2004,-0.079369
2527,grl,2005,0.080419
2527,grl,2006,-0.049888
2527,grl,2007,-0.060297
2527,gtm,1995,0
2527,gtm,1996,-0.141973
2527,gtm,1997,0.003488
2527,gtm,1998,-0.005818
2527,gtm,1999,-0.036352
2527,gtm,2000,-0.046028
2527,gtm,2001,-0.083934
2527,gtm,2002,-0.007034
2527,gtm,2003,-0.163914
2527,gtm,2004,-0.058956
2527,gtm,2005,0.098117
2527,gtm,2006,-0.033559
2527,gtm,2007,-0.051894
2527,guf,1995,-0.109381
2527,guy,1995,-0.089151
2527,guy,1996,-0.192154
2527,guy,1997,-0.016111
2527,guy,1998,-0.053636
2527,guy,1999,-0.080195
2527,guy,2000,-0.098513
2527,guy,2001,-0.14838
2527,guy,2002,-0.029297
2527,guy,2003,-0.185586
2527,guy,2004,-0.071504
2527,guy,2005,0.087691
2527,guy,2006,-0.041937
2527,guy,2007,-0.059805
2527,hkg,1995,-0.038456
2527,hkg,1996,-0.106329
2527,hkg,1997,-0.015207
2527,hkg,1998,-0.027142
2527,hkg,1999,-0.049458
2527,hkg,2000,-0.055657
2527,hkg,2001,-0.116922
2527,hkg,2002,-0.032319
2527,hkg,2003,-0.153339
2527,hkg,2004,-0.057725
2527,hkg,2005,0.071136
2527,hkg,2006,-0.039834
2527,hkg,2007,-0.056435
2527,hnd,1995,-0.045235
2527,hnd,1996,-0.142665
2527,hnd,1997,0.000384
2527,hnd,1998,0.003727
2527,hnd,1999,-0.039264
2527,hnd,2000,-0.065549
2527,hnd,2001,-0.109645
2527,hnd,2002,-0.017794
2527,hnd,2003,-0.171337
2527,hnd,2004,-0.055073
2527,hnd,2005,0.093893
2527,hnd,2006,-0.037945
2527,hnd,2007,-0.056095
2527,hrv,1995,-0.084133
2527,hrv,1996,-0.178808
2527,hrv,1997,-0.021946
2527,hrv,1998,-0.060099
2527,hrv,1999,-0.066453
2527,hrv,2000,-0.096141
2527,hrv,2001,-0.148528
2527,hrv,2002,-0.042355
2527,hrv,2003,-0.185106
2527,hrv,2004,-0.068245
2527,hrv,2005,0.074139
2527,hrv,2006,-0.043235
2527,hrv,2007,-0.059219
2527,hti,1995,-0.067656
2527,hti,1996,-0.152642
2527,hti,1997,-0.006691
2527,hti,1998,-0.037903
2527,hti,1999,-0.070926
2527,hti,2000,-0.077354
2527,hti,2001,-0.132823
2527,hti,2002,-0.029008
2527,hti,2003,-0.179648
2527,hti,2004,-0.069134
2527,hti,2005,0.087266
2527,hti,2006,-0.045361
2527,hti,2007,-0.059271
2527,hun,1995,0
2527,hun,1996,-0.169761
2527,hun,1997,-0.028991
2527,hun,1998,-0.06549
2527,hun,1999,0
2527,hun,2000,-0.124174
2527,hun,2001,-0.190233
2527,hun,2002,-0.059548
2527,hun,2003,-0.204285
2527,hun,2004,-0.079934
2527,hun,2005,0.062885
2527,hun,2006,-0.050962
2527,hun,2007,-0.063719
2527,idn,1995,0
2527,idn,1996,0
2527,idn,1997,0.035612
2527,idn,1998,0.048051
2527,idn,1999,0
2527,idn,2000,0
2527,idn,2001,0
2527,idn,2002,0
2527,idn,2003,0
2527,idn,2004,0
2527,idn,2005,0.100651
2527,idn,2006,-0.024537
2527,idn,2007,-0.044452
2527,ind,1995,-0.01495
2527,ind,1996,-0.0912
2527,ind,1997,0.025937
2527,ind,1998,0
2527,ind,1999,-0.000827
2527,ind,2000,0.007707
2527,ind,2001,-0.020609
2527,ind,2002,0.012438
2527,ind,2003,-0.109854
2527,ind,2004,-0.042545
2527,ind,2005,0.084774
2527,ind,2006,-0.024572
2527,ind,2007,-0.043962
2527,iot,1995,-0.110425
2527,iot,1996,-0.21586
2527,iot,1997,-0.037855
2527,iot,1998,-0.092958
2527,iot,1999,-0.110216
2527,iot,2000,-0.126033
2527,iot,2001,-0.192989
2527,iot,2002,-0.052567
2527,iot,2003,-0.209821
2527,iot,2004,-0.07991
2527,iot,2005,0.076423
2527,iot,2006,-0.0506
2527,iot,2007,-0.064352
2527,irl,1995,-0.122365
2527,irl,1996,-0.218839
2527,irl,1997,-0.047065
2527,irl,1998,-0.109646
2527,irl,1999,-0.13129
2527,irl,2000,-0.14674
2527,irl,2001,-0.222113
2527,irl,2002,-0.069184
2527,irl,2003,-0.224074
2527,irl,2004,-0.087208
2527,irl,2005,0.066354
2527,irl,2006,-0.051462
2527,irl,2007,-0.064672
2527,irn,1995,-0.094092
2527,irn,1996,-0.194088
2527,irn,1997,-0.01904
2527,irn,1998,-0.04742
2527,irn,1999,-0.069431
2527,irn,2000,-0.097629
2527,irn,2001,-0.135905
2527,irn,2002,-0.026278
2527,irn,2003,-0.194575
2527,irn,2004,-0.076742
2527,irn,2005,0.091579
2527,irn,2006,-0.039671
2527,irn,2007,-0.057412
2527,irq,1995,-0.110926
2527,irq,1996,-0.212812
2527,irq,1997,-0.039012
2527,irq,1998,-0.096283
2527,irq,1999,-0.117796
2527,irq,2000,-0.134673
2527,irq,2001,-0.200328
2527,irq,2002,-0.059088
2527,irq,2003,-0.220838
2527,irq,2004,-0.084206
2527,irq,2005,0.081419
2527,irq,2006,-0.050671
2527,irq,2007,-0.063549
2527,isl,1995,-0.100564
2527,isl,1996,-0.199907
2527,isl,1997,-0.025703
2527,isl,1998,0
2527,isl,1999,-0.093286
2527,isl,2000,-0.111687
2527,isl,2001,-0.168244
2527,isl,2002,-0.048782
2527,isl,2003,-0.211916
2527,isl,2004,-0.080082
2527,isl,2005,0.089859
2527,isl,2006,-0.04584
2527,isl,2007,-0.059916
2527,isr,1995,-0.112196
2527,isr,1996,-0.206432
2527,isr,1997,-0.052458
2527,isr,1998,-0.091629
2527,isr,1999,-0.11073
2527,isr,2000,-0.140594
2527,isr,2001,-0.200652
2527,isr,2002,-0.067006
2527,isr,2003,-0.201297
2527,isr,2004,-0.077478
2527,isr,2005,0.062214
2527,isr,2006,-0.042219
2527,isr,2007,-0.060531
2527,ita,1995,-0.136974
2527,ita,1996,-0.203068
2527,ita,1997,-0.058006
2527,ita,1998,-0.113121
2527,ita,1999,-0.130665
2527,ita,2000,-0.150444
2527,ita,2001,-0.208296
2527,ita,2002,-0.081588
2527,ita,2003,-0.189563
2527,ita,2004,-0.07541
2527,ita,2005,0.02364
2527,ita,2006,-0.047319
2527,ita,2007,-0.062262
2527,jam,1995,-0.060455
2527,jam,1996,-0.167602
2527,jam,1997,-0.005884
2527,jam,1998,-0.040023
2527,jam,1999,-0.073279
2527,jam,2000,-0.09014
2527,jam,2001,-0.15021
2527,jam,2002,-0.03337
2527,jam,2003,-0.191563
2527,jam,2004,-0.072377
2527,jam,2005,0.088682
2527,jam,2006,-0.04213
2527,jam,2007,-0.060583
2527,jor,1995,-0.088327
2527,jor,1996,-0.185111
2527,jor,1997,-0.021805
2527,jor,1998,-0.057541
2527,jor,1999,-0.070553
2527,jor,2000,-0.085272
2527,jor,2001,-0.126604
2527,jor,2002,-0.030727
2527,jor,2003,-0.183482
2527,jor,2004,-0.069285
2527,jor,2005,0.090629
2527,jor,2006,-0.037879
2527,jor,2007,-0.055637
2527,jpn,1995,-0.199771
2527,jpn,1996,-0.272347
2527,jpn,1997,-0.088914
2527,jpn,1998,-0.193994
2527,jpn,1999,-0.187282
2527,jpn,2000,-0.23286
2527,jpn,2001,-0.302796
2527,jpn,2002,-0.139715
2527,jpn,2003,-0.243649
2527,jpn,2004,-0.107036
2527,jpn,2005,-0.013435
2527,jpn,2006,-0.068648
2527,jpn,2007,-0.074759
2527,kaz,1995,-0.079045
2527,kaz,1996,-0.179197
2527,kaz,1997,-0.006003
2527,kaz,1998,-0.051848
2527,kaz,1999,-0.077117
2527,kaz,2000,-0.107292
2527,kaz,2001,-0.136804
2527,kaz,2002,-0.032403
2527,kaz,2003,-0.198468
2527,kaz,2004,-0.070998
2527,kaz,2005,0.087336
2527,kaz,2006,-0.038974
2527,kaz,2007,-0.049866
2527,ken,1995,-0.042367
2527,ken,1996,-0.143264
2527,ken,1997,0.007879
2527,ken,1998,0.003519
2527,ken,1999,-0.033684
2527,ken,2000,-0.038573
2527,ken,2001,-0.069761
2527,ken,2002,0.004972
2527,ken,2003,-0.137221
2527,ken,2004,-0.046909
2527,ken,2005,0.108893
2527,ken,2006,-0.028633
2527,ken,2007,-0.046519
2527,kgz,1995,-0.080266
2527,kgz,1996,-0.152298
2527,kgz,1997,-0.005453
2527,kgz,1998,-0.027927
2527,kgz,1999,-0.059126
2527,kgz,2000,-0.084918
2527,kgz,2001,-0.117328
2527,kgz,2002,-0.022503
2527,kgz,2003,-0.169964
2527,kgz,2004,-0.069674
2527,kgz,2005,0.095234
2527,kgz,2006,-0.036175
2527,kgz,2007,-0.054337
2527,khm,1995,-0.080475
2527,khm,1996,-0.171844
2527,khm,1997,-0.014665
2527,khm,1998,-0.050226
2527,khm,1999,-0.070139
2527,khm,2000,-0.086491
2527,khm,2001,-0.135617
2527,khm,2002,-0.032836
2527,khm,2003,-0.189533
2527,khm,2004,-0.07058
2527,khm,2005,0.089156
2527,khm,2006,-0.044988
2527,khm,2007,-0.059646
2527,kir,1995,-0.109901
2527,kir,1996,-0.209801
2527,kir,1997,-0.035713
2527,kir,1998,-0.086063
2527,kir,1999,-0.111263
2527,kir,2000,-0.1234
2527,kir,2001,-0.192809
2527,kir,2002,-0.051488
2527,kir,2003,-0.212142
2527,kir,2004,-0.076226
2527,kir,2005,0.08401
2527,kir,2006,-0.05048
2527,kir,2007,-0.062801
2527,kna,1995,-0.112696
2527,kna,1996,-0.218906
2527,kna,1997,-0.037848
2527,kna,1998,-0.091782
2527,kna,1999,-0.113796
2527,kna,2000,-0.130965
2527,kna,2001,-0.185535
2527,kna,2002,-0.0555
2527,kna,2003,-0.214871
2527,kna,2004,-0.080083
2527,kna,2005,0.078869
2527,kna,2006,-0.051654
2527,kna,2007,-0.064417
2527,kor,1995,-0.088113
2527,kor,1996,-0.177899
2527,kor,1997,-0.032509
2527,kor,1998,-0.077764
2527,kor,1999,-0.095984
2527,kor,2000,-0.117011
2527,kor,2001,-0.183038
2527,kor,2002,-0.061214
2527,kor,2003,-0.209428
2527,kor,2004,-0.084982
2527,kor,2005,0.052246
2527,kor,2006,-0.057289
2527,kor,2007,-0.067663
2527,kwt,1995,-0.108631
2527,kwt,1996,-0.216149
2527,kwt,1997,-0.034199
2527,kwt,1998,-0.086602
2527,kwt,1999,-0.110198
2527,kwt,2000,-0.130132
2527,kwt,2001,-0.193888
2527,kwt,2002,-0.05599
2527,kwt,2003,-0.22053
2527,kwt,2004,-0.083312
2527,kwt,2005,0.08087
2527,kwt,2006,-0.049397
2527,kwt,2007,-0.062473
2527,lao,1995,-0.076009
2527,lao,1996,-0.181466
2527,lao,1997,-0.011289
2527,lao,1998,-0.038665
2527,lao,1999,-0.066262
2527,lao,2000,-0.093899
2527,lao,2001,-0.132583
2527,lao,2002,-0.030709
2527,lao,2003,-0.18138
2527,lao,2004,-0.061626
2527,lao,2005,0.091938
2527,lao,2006,-0.03965
2527,lao,2007,-0.054875
2527,lbn,1995,-0.059977
2527,lbn,1996,-0.158654
2527,lbn,1997,-0.009371
2527,lbn,1998,-0.005336
2527,lbn,1999,-0.050961
2527,lbn,2000,-0.071979
2527,lbn,2001,-0.110611
2527,lbn,2002,-0.013261
2527,lbn,2003,-0.172829
2527,lbn,2004,-0.062971
2527,lbn,2005,0.086848
2527,lbn,2006,-0.033275
2527,lbn,2007,-0.053531
2527,lbr,1995,-0.115407
2527,lbr,1996,-0.217987
2527,lbr,1997,-0.036809
2527,lbr,1998,-0.092041
2527,lbr,1999,-0.112871
2527,lbr,2000,-0.129682
2527,lbr,2001,-0.189884
2527,lbr,2002,-0.056924
2527,lbr,2003,-0.21737
2527,lbr,2004,-0.080295
2527,lbr,2005,0.079464
2527,lbr,2006,-0.049904
2527,lbr,2007,-0.063508
2527,lby,1995,-0.107551
2527,lby,1996,-0.215425
2527,lby,1997,-0.033536
2527,lby,1998,-0.084172
2527,lby,1999,-0.106692
2527,lby,2000,-0.127997
2527,lby,2001,-0.189869
2527,lby,2002,-0.056087
2527,lby,2003,-0.218323
2527,lby,2004,-0.083283
2527,lby,2005,0.08197
2527,lby,2006,-0.049698
2527,lby,2007,-0.061533
2527,lca,1995,-0.091529
2527,lca,1996,-0.193217
2527,lca,1997,-0.03047
2527,lca,1998,-0.079402
2527,lca,1999,-0.09486
2527,lca,2000,-0.116567
2527,lca,2001,-0.177418
2527,lca,2002,-0.04929
2527,lca,2003,-0.20435
2527,lca,2004,-0.078925
2527,lca,2005,0.081082
2527,lca,2006,-0.051416
2527,lca,2007,-0.06337
2527,lka,1995,-0.018266
2527,lka,1996,-0.089299
2527,lka,1997,0.015387
2527,lka,1998,0.006923
2527,lka,1999,-0.018674
2527,lka,2000,-0.013082
2527,lka,2001,-0.048903
2527,lka,2002,0.008078
2527,lka,2003,-0.128519
2527,lka,2004,-0.044731
2527,lka,2005,0.104064
2527,lka,2006,-0.029526
2527,lka,2007,-0.050467
2527,ltu,1995,-0.068042
2527,ltu,1996,-0.173254
2527,ltu,1997,-0.018386
2527,ltu,1998,-0.040832
2527,ltu,1999,-0.057957
2527,ltu,2000,-0.081186
2527,ltu,2001,-0.134708
2527,ltu,2002,-0.034987
2527,ltu,2003,-0.197784
2527,ltu,2004,-0.07431
2527,ltu,2005,0.07986
2527,ltu,2006,-0.038953
2527,ltu,2007,-0.058431
2527,lva,1995,-0.071406
2527,lva,1996,-0.182216
2527,lva,1997,-0.015
2527,lva,1998,-0.045751
2527,lva,1999,-0.059587
2527,lva,2000,-0.094294
2527,lva,2001,-0.142888
2527,lva,2002,-0.040594
2527,lva,2003,-0.194996
2527,lva,2004,-0.070708
2527,lva,2005,0.081009
2527,lva,2006,-0.042763
2527,lva,2007,-0.058396
2527,mac,1995,-0.074955
2527,mac,1996,-0.164309
2527,mac,1997,-0.017894
2527,mac,1998,-0.048527
2527,mac,1999,-0.077637
2527,mac,2000,-0.089568
2527,mac,2001,-0.150047
2527,mac,2002,-0.043041
2527,mac,2003,-0.196166
2527,mac,2004,-0.070723
2527,mac,2005,0.086374
2527,mac,2006,-0.046023
2527,mac,2007,-0.059693
2527,mar,1995,-0.040944
2527,mar,1996,-0.127538
2527,mar,1997,0.0132
2527,mar,1998,0.032655
2527,mar,1999,-0.011108
2527,mar,2000,-0.035741
2527,mar,2001,-0.085287
2527,mar,2002,-0.00482
2527,mar,2003,-0.161843
2527,mar,2004,-0.060965
2527,mar,2005,0.101863
2527,mar,2006,-0.028862
2527,mar,2007,-0.048541
2527,mda,1995,-0.07925
2527,mda,1996,-0.177411
2527,mda,1997,-0.01751
2527,mda,1998,-0.022309
2527,mda,1999,-0.053279
2527,mda,2000,-0.083644
2527,mda,2001,-0.135759
2527,mda,2002,-0.029076
2527,mda,2003,-0.195401
2527,mda,2004,-0.073772
2527,mda,2005,0.087437
2527,mda,2006,-0.040828
2527,mda,2007,-0.05837
2527,mdg,1995,-0.02516
2527,mdg,1996,-0.108139
2527,mdg,1997,0.022487
2527,mdg,1998,0.003301
2527,mdg,1999,-0.022631
2527,mdg,2000,-0.030073
2527,mdg,2001,-0.076835
2527,mdg,2002,0.006562
2527,mdg,2003,-0.142359
2527,mdg,2004,-0.051834
2527,mdg,2005,0.098821
2527,mdg,2006,-0.034868
2527,mdg,2007,-0.052458
2527,mdv,1995,-0.102166
2527,mdv,1996,-0.197299
2527,mdv,1997,-0.02806
2527,mdv,1998,-0.070419
2527,mdv,1999,-0.090285
2527,mdv,2000,-0.108295
2527,mdv,2001,-0.17337
2527,mdv,2002,-0.045981
2527,mdv,2003,-0.209985
2527,mdv,2004,-0.080058
2527,mdv,2005,0.079749
2527,mdv,2006,-0.051092
2527,mdv,2007,-0.062586
2527,mex,1995,-0.069456
2527,mex,1996,-0.181325
2527,mex,1997,-0.018187
2527,mex,1998,-0.040016
2527,mex,1999,-0.076455
2527,mex,2000,-0.104771
2527,mex,2001,-0.17734
2527,mex,2002,-0.051227
2527,mex,2003,-0.194577
2527,mex,2004,-0.077681
2527,mex,2005,0.068043
2527,mex,2006,-0.046379
2527,mex,2007,-0.056321
2527,mhl,1995,-0.10776
2527,mhl,1996,-0.208662
2527,mhl,1997,-0.037032
2527,mhl,1998,-0.086808
2527,mhl,1999,-0.110289
2527,mhl,2000,-0.12962
2527,mhl,2001,-0.193137
2527,mhl,2002,-0.059669
2527,mhl,2003,-0.214524
2527,mhl,2004,-0.082729
2527,mhl,2005,0.080244
2527,mhl,2006,-0.051121
2527,mhl,2007,-0.062523
2527,mkd,1995,-0.060782
2527,mkd,1996,-0.157753
2527,mkd,1997,-0.006674
2527,mkd,1998,-0.006886
2527,mkd,1999,-0.048111
2527,mkd,2000,-0.076797
2527,mkd,2001,-0.114064
2527,mkd,2002,-0.024172
2527,mkd,2003,-0.1849
2527,mkd,2004,-0.068906
2527,mkd,2005,0.093678
2527,mkd,2006,-0.036991
2527,mkd,2007,-0.053787
2527,mli,1995,-0.080965
2527,mli,1996,-0.186395
2527,mli,1997,-0.023415
2527,mli,1998,-0.049616
2527,mli,1999,-0.084063
2527,mli,2000,-0.091322
2527,mli,2001,-0.152383
2527,mli,2002,-0.034182
2527,mli,2003,-0.196286
2527,mli,2004,-0.074242
2527,mli,2005,0.088456
2527,mli,2006,-0.041129
2527,mli,2007,-0.052646
2527,mlt,1995,-0.110437
2527,mlt,1996,-0.204507
2527,mlt,1997,-0.038673
2527,mlt,1998,-0.087041
2527,mlt,1999,-0.105149
2527,mlt,2000,-0.131759
2527,mlt,2001,-0.195621
2527,mlt,2002,-0.060554
2527,mlt,2003,-0.218439
2527,mlt,2004,-0.078761
2527,mlt,2005,0.071493
2527,mlt,2006,-0.049335
2527,mlt,2007,-0.061049
2527,mmr,1995,-0.041484
2527,mmr,1996,-0.135038
2527,mmr,1997,0.004194
2527,mmr,1998,0.002336
2527,mmr,1999,-0.033025
2527,mmr,2000,-0.05249
2527,mmr,2001,-0.088593
2527,mmr,2002,-0.011556
2527,mmr,2003,-0.169787
2527,mmr,2004,-0.048691
2527,mmr,2005,0.096343
2527,mmr,2006,-0.034397
2527,mmr,2007,-0.053901
2527,mng,1995,-0.090489
2527,mng,1996,-0.196577
2527,mng,1997,-0.016829
2527,mng,1998,-0.042136
2527,mng,1999,-0.067196
2527,mng,2000,-0.081861
2527,mng,2001,-0.132556
2527,mng,2002,-0.027729
2527,mng,2003,-0.191014
2527,mng,2004,-0.067017
2527,mng,2005,0.094838
2527,mng,2006,-0.039019
2527,mng,2007,-0.051548
2527,mnp,1995,-0.110576
2527,mnp,1996,-0.213471
2527,mnp,1997,-0.034111
2527,mnp,1998,-0.085985
2527,mnp,1999,-0.107692
2527,mnp,2000,-0.120031
2527,mnp,2001,-0.179697
2527,mnp,2002,-0.055936
2527,mnp,2003,-0.207125
2527,mnp,2004,-0.07557
2527,mnp,2005,0.083647
2527,mnp,2006,-0.048486
2527,mnp,2007,-0.060287
2527,moz,1995,-0.066883
2527,moz,1996,-0.171509
2527,moz,1997,-0.010843
2527,moz,1998,-0.051474
2527,moz,1999,-0.066276
2527,moz,2000,-0.078767
2527,moz,2001,-0.141231
2527,moz,2002,-0.018192
2527,moz,2003,-0.196722
2527,moz,2004,-0.068794
2527,moz,2005,0.094303
2527,moz,2006,-0.040024
2527,moz,2007,-0.054498
2527,mrt,1995,-0.109323
2527,mrt,1996,-0.206399
2527,mrt,1997,-0.025149
2527,mrt,1998,-0.082235
2527,mrt,1999,-0.103745
2527,mrt,2000,-0.119537
2527,mrt,2001,-0.179938
2527,mrt,2002,-0.047277
2527,mrt,2003,-0.216476
2527,mrt,2004,-0.080374
2527,mrt,2005,0.082847
2527,mrt,2006,-0.047931
2527,mrt,2007,-0.060408
2527,msr,1995,-0.110805
2527,msr,1996,-0.215437
2527,msr,1997,-0.036703
2527,msr,1998,-0.091088
2527,msr,1999,-0.110168
2527,msr,2000,-0.128453
2527,msr,2001,-0.194941
2527,msr,2002,-0.060444
2527,msr,2003,-0.207345
2527,msr,2004,-0.074677
2527,msr,2005,0.07722
2527,msr,2006,-0.050226
2527,msr,2007,-0.0637
2527,mtq,1995,-0.107916
2527,mus,1995,-0.071173
2527,mus,1996,-0.171889
2527,mus,1997,-0.015614
2527,mus,1998,-0.0333
2527,mus,1999,-0.065155
2527,mus,2000,-0.080248
2527,mus,2001,-0.132211
2527,mus,2002,-0.023834
2527,mus,2003,-0.181513
2527,mus,2004,-0.066668
2527,mus,2005,0.089079
2527,mus,2006,-0.040966
2527,mus,2007,-0.055056
2527,mwi,1995,-0.064137
2527,mwi,1996,-0.171988
2527,mwi,1997,-0.016098
2527,mwi,1998,-0.052846
2527,mwi,1999,-0.078588
2527,mwi,2000,-0.084571
2527,mwi,2001,-0.138388
2527,mwi,2002,-0.033903
2527,mwi,2003,-0.194693
2527,mwi,2004,-0.068262
2527,mwi,2005,0.090845
2527,mwi,2006,-0.039751
2527,mwi,2007,-0.05923
2527,mys,1995,-0.055562
2527,mys,1996,-0.147239
2527,mys,1997,-0.01123
2527,mys,1998,-0.044047
2527,mys,1999,-0.06839
2527,mys,2000,-0.095639
2527,mys,2001,-0.142419
2527,mys,2002,-0.031989
2527,mys,2003,-0.19113
2527,mys,2004,-0.069968
2527,mys,2005,0.077064
2527,mys,2006,-0.050192
2527,mys,2007,-0.059934
2527,ncl,1995,-0.09732
2527,ncl,1996,-0.210373
2527,ncl,1997,-0.029137
2527,ncl,1998,-0.082518
2527,ncl,1999,-0.104576
2527,ncl,2000,-0.127282
2527,ncl,2001,-0.184543
2527,ncl,2002,-0.053996
2527,ncl,2003,-0.215847
2527,ncl,2004,-0.077448
2527,ncl,2005,0.081574
2527,ncl,2006,-0.049419
2527,ncl,2007,-0.059038
2527,ner,1995,-0.092779
2527,ner,1996,-0.187186
2527,ner,1997,-0.035161
2527,ner,1998,-0.079503
2527,ner,1999,-0.108285
2527,ner,2000,-0.110485
2527,ner,2001,-0.170751
2527,ner,2002,-0.036065
2527,ner,2003,-0.198665
2527,ner,2004,-0.079384
2527,ner,2005,0.081967
2527,ner,2006,-0.045884
2527,ner,2007,-0.046626
2527,nfk,1995,-0.120546
2527,nfk,1996,-0.220165
2527,nfk,1997,-0.043979
2527,nfk,1998,-0.101985
2527,nfk,1999,-0.122127
2527,nfk,2000,-0.136098
2527,nfk,2001,-0.203732
2527,nfk,2002,-0.061843
2527,nfk,2003,-0.222643
2527,nfk,2004,-0.084031
2527,nfk,2005,0.077843
2527,nfk,2006,-0.051988
2527,nfk,2007,-0.063397
2527,nga,1995,-0.079901
2527,nga,1996,-0.18648
2527,nga,1997,-0.019458
2527,nga,1998,-0.056426
2527,nga,1999,-0.0818
2527,nga,2000,-0.111557
2527,nga,2001,-0.162731
2527,nga,2002,-0.036069
2527,nga,2003,-0.197602
2527,nga,2004,-0.069078
2527,nga,2005,0.088028
2527,nga,2006,-0.044927
2527,nga,2007,-0.058574
2527,nic,1995,-0.058384
2527,nic,1996,-0.160908
2527,nic,1997,-0.000316
2527,nic,1998,-0.029589
2527,nic,1999,-0.066699
2527,nic,2000,-0.070364
2527,nic,2001,-0.109353
2527,nic,2002,-0.023114
2527,nic,2003,-0.180395
2527,nic,2004,-0.067647
2527,nic,2005,0.093764
2527,nic,2006,-0.038706
2527,nic,2007,-0.051919
2527,niu,1995,-0.115622
2527,niu,1996,-0.20906
2527,niu,1997,-0.034822
2527,niu,1998,-0.08598
2527,niu,1999,-0.111135
2527,niu,2000,-0.132585
2527,niu,2001,-0.189883
2527,niu,2002,-0.052034
2527,niu,2003,-0.213659
2527,niu,2004,-0.081754
2527,niu,2005,0.077091
2527,niu,2006,-0.0504
2527,niu,2007,-0.063235
2527,nld,1995,-0.117243
2527,nld,1996,-0.200291
2527,nld,1997,-0.045703
2527,nld,1998,0
2527,nld,1999,-0.115044
2527,nld,2000,-0.13208
2527,nld,2001,-0.202346
2527,nld,2002,-0.063095
2527,nld,2003,-0.188755
2527,nld,2004,-0.073483
2527,nld,2005,0.045778
2527,nld,2006,-0.048582
2527,nld,2007,-0.060336
2527,nor,1995,0
2527,nor,1996,0
2527,nor,1997,0
2527,nor,1998,0
2527,nor,1999,0
2527,nor,2000,0
2527,nor,2001,-0.179437
2527,nor,2002,-0.058671
2527,nor,2003,-0.216444
2527,nor,2004,-0.085155
2527,nor,2005,0.073905
2527,nor,2006,-0.0504
2527,nor,2007,-0.061658
2527,npl,1995,-0.072064
2527,npl,1996,-0.157888
2527,npl,1997,-0.011779
2527,npl,1998,-0.00452
2527,npl,1999,-0.05549
2527,npl,2000,-0.070779
2527,npl,2001,-0.136889
2527,npl,2002,-0.032281
2527,npl,2003,-0.148164
2527,npl,2004,-0.068935
2527,npl,2005,0.090253
2527,npl,2006,-0.039617
2527,npl,2007,-0.057137
2527,nru,1995,-0.116989
2527,nru,1996,-0.218544
2527,nru,1997,-0.040876
2527,nru,1998,-0.089806
2527,nru,1999,-0.11277
2527,nru,2000,-0.139226
2527,nru,2001,-0.197431
2527,nru,2002,-0.060572
2527,nru,2003,-0.216333
2527,nru,2004,-0.082384
2527,nru,2005,0.070319
2527,nru,2006,-0.050452
2527,nru,2007,-0.062133
2527,nzl,1995,-0.082284
2527,nzl,1996,-0.177703
2527,nzl,1997,-0.027366
2527,nzl,1998,0
2527,nzl,1999,0
2527,nzl,2000,0
2527,nzl,2001,0
2527,nzl,2002,0
2527,nzl,2003,-0.1917
2527,nzl,2004,-0.068948
2527,nzl,2005,0.084014
2527,nzl,2006,-0.039652
2527,nzl,2007,-0.054342
2527,omn,1995,-0.098274
2527,omn,1996,-0.208523
2527,omn,1997,-0.02345
2527,omn,1998,-0.054618
2527,omn,1999,-0.092317
2527,omn,2000,-0.102774
2527,omn,2001,-0.177419
2527,omn,2002,-0.04791
2527,omn,2003,-0.211775
2527,omn,2004,-0.075025
2527,omn,2005,0.084935
2527,omn,2006,-0.045249
2527,omn,2007,-0.059784
2527,pak,1995,-0.037014
2527,pak,1996,-0.140692
2527,pak,1997,0.002562
2527,pak,1998,0.015567
2527,pak,1999,-0.023492
2527,pak,2000,-0.029137
2527,pak,2001,-0.085078
2527,pak,2002,-0.012496
2527,pak,2003,-0.156423
2527,pak,2004,-0.054562
2527,pak,2005,0.098819
2527,pak,2006,-0.031687
2527,pak,2007,-0.050409
2527,pan,1995,-0.0643
2527,pan,1996,-0.17328
2527,pan,1997,-0.010172
2527,pan,1998,-0.025107
2527,pan,1999,-0.055611
2527,pan,2000,-0.060878
2527,pan,2001,-0.125685
2527,pan,2002,-0.031636
2527,pan,2003,-0.182038
2527,pan,2004,-0.061954
2527,pan,2005,0.087178
2527,pan,2006,-0.044881
2527,pan,2007,-0.055054
2527,pcn,1995,-0.116146
2527,pcn,1996,-0.216317
2527,pcn,1997,-0.038048
2527,pcn,1998,-0.094417
2527,pcn,1999,-0.120456
2527,pcn,2000,-0.1288
2527,pcn,2001,-0.185578
2527,pcn,2002,-0.05568
2527,pcn,2003,-0.21556
2527,pcn,2004,-0.083236
2527,pcn,2005,0.078562
2527,pcn,2006,-0.05192
2527,pcn,2007,-0.062642
2527,per,1995,-0.043023
2527,per,1996,-0.145848
2527,per,1997,0.014157
2527,per,1998,-0.002982
2527,per,1999,-0.036788
2527,per,2000,-0.04992
2527,per,2001,-0.081247
2527,per,2002,0.001593
2527,per,2003,-0.158324
2527,per,2004,-0.061259
2527,per,2005,0.096104
2527,per,2006,-0.033911
2527,per,2007,-0.05132
2527,phl,1995,-0.019769
2527,phl,1996,-0.109579
2527,phl,1997,0.001641
2527,phl,1998,-0.011548
2527,phl,1999,-0.052237
2527,phl,2000,-0.064407
2527,phl,2001,-0.115555
2527,phl,2002,-0.030663
2527,phl,2003,-0.162846
2527,phl,2004,-0.060865
2527,phl,2005,0.085904
2527,phl,2006,-0.04054
2527,phl,2007,-0.048193
2527,plw,1995,-0.107701
2527,plw,1996,-0.210665
2527,plw,1997,-0.031049
2527,plw,1998,-0.076297
2527,plw,1999,-0.101956
2527,plw,2000,-0.1192
2527,plw,2001,-0.191184
2527,plw,2002,-0.055657
2527,plw,2003,-0.21763
2527,plw,2004,-0.084321
2527,plw,2005,0.079702
2527,plw,2006,-0.05043
2527,plw,2007,-0.062868
2527,png,1995,-0.076779
2527,png,1996,-0.186991
2527,png,1997,-0.023417
2527,png,1998,-0.056413
2527,png,1999,-0.077844
2527,png,2000,-0.094977
2527,png,2001,-0.146013
2527,png,2002,-0.023521
2527,png,2003,-0.180705
2527,png,2004,-0.066712
2527,png,2005,0.090891
2527,png,2006,-0.043233
2527,png,2007,-0.059501
2527,pol,1995,-0.077352
2527,pol,1996,-0.168101
2527,pol,1997,-0.022645
2527,pol,1998,-0.070653
2527,pol,1999,-0.077363
2527,pol,2000,-0.108269
2527,pol,2001,-0.166014
2527,pol,2002,-0.051565
2527,pol,2003,-0.189266
2527,pol,2004,-0.074861
2527,pol,2005,0.063919
2527,pol,2006,-0.044406
2527,pol,2007,-0.058907
2527,prk,1995,-0.071419
2527,prk,1996,-0.147489
2527,prk,1997,-0.013458
2527,prk,1998,-0.055159
2527,prk,1999,-0.068844
2527,prk,2000,-0.098385
2527,prk,2001,-0.13786
2527,prk,2002,-0.037617
2527,prk,2003,-0.192974
2527,prk,2004,-0.07461
2527,prk,2005,0.07036
2527,prk,2006,-0.045543
2527,prk,2007,-0.06103
2527,prt,1995,-0.052808
2527,prt,1996,-0.153057
2527,prt,1997,-0.003884
2527,prt,1998,-0.011187
2527,prt,1999,-0.047607
2527,prt,2000,-0.066194
2527,prt,2001,-0.118749
2527,prt,2002,-0.026413
2527,prt,2003,-0.171806
2527,prt,2004,-0.064353
2527,prt,2005,0.079328
2527,prt,2006,-0.038871
2527,prt,2007,-0.055633
2527,pry,1995,-0.070254
2527,pry,1996,-0.162429
2527,pry,1997,-0.008086
2527,pry,1998,-0.053104
2527,pry,1999,-0.076864
2527,pry,2000,-0.090919
2527,pry,2001,-0.143832
2527,pry,2002,-0.037349
2527,pry,2003,-0.194989
2527,pry,2004,-0.073862
2527,pry,2005,0.094343
2527,pry,2006,-0.040452
2527,pry,2007,-0.05475
2527,pyf,1995,-0.100944
2527,pyf,1996,-0.203196
2527,pyf,1997,-0.032671
2527,pyf,1998,-0.088811
2527,pyf,1999,-0.103872
2527,pyf,2000,-0.123975
2527,pyf,2001,-0.175474
2527,pyf,2002,-0.046167
2527,pyf,2003,-0.210187
2527,pyf,2004,-0.078713
2527,pyf,2005,0.084073
2527,pyf,2006,-0.049588
2527,pyf,2007,-0.062844
2527,qat,1995,-0.104885
2527,qat,1996,-0.210833
2527,qat,1997,-0.032845
2527,qat,1998,-0.080242
2527,qat,1999,-0.106599
2527,qat,2000,-0.125986
2527,qat,2001,-0.187013
2527,qat,2002,-0.053403
2527,qat,2003,-0.218998
2527,qat,2004,-0.083347
2527,qat,2005,0.081608
2527,qat,2006,-0.049231
2527,qat,2007,-0.061478
2527,reu,1995,-0.10661
2527,rou,1995,-0.079054
2527,rou,1996,-0.163653
2527,rou,1997,-0.010132
2527,rou,1998,-0.021391
2527,rou,1999,-0.043975
2527,rou,2000,-0.071445
2527,rou,2001,-0.114645
2527,rou,2002,-0.029761
2527,rou,2003,-0.177863
2527,rou,2004,-0.068923
2527,rou,2005,0.078156
2527,rou,2006,-0.043585
2527,rou,2007,-0.05889
2527,rus,1995,-0.071709
2527,rus,1996,-0.186671
2527,rus,1997,-0.018103
2527,rus,1998,-0.081109
2527,rus,1999,-0.091243
2527,rus,2000,-0.122908
2527,rus,2001,-0.168892
2527,rus,2002,-0.052738
2527,rus,2003,-0.214023
2527,rus,2004,-0.080461
2527,rus,2005,0.075469
2527,rus,2006,-0.043394
2527,rus,2007,-0.056755
2527,rwa,1995,-0.099794
2527,rwa,1996,-0.205166
2527,rwa,1997,-0.028888
2527,rwa,1998,-0.077927
2527,rwa,1999,-0.096337
2527,rwa,2000,-0.123141
2527,rwa,2001,-0.177489
2527,rwa,2002,-0.039836
2527,rwa,2003,-0.199496
2527,rwa,2004,-0.073748
2527,rwa,2005,0.087064
2527,rwa,2006,-0.045432
2527,rwa,2007,-0.058574
2527,sau,1995,-0.106488
2527,sau,1996,-0.212614
2527,sau,1997,-0.031823
2527,sau,1998,-0.080097
2527,sau,1999,-0.102405
2527,sau,2000,-0.126357
2527,sau,2001,-0.191009
2527,sau,2002,-0.050303
2527,sau,2003,-0.211835
2527,sau,2004,-0.082017
2527,sau,2005,0.078472
2527,sau,2006,-0.048215
2527,sau,2007,-0.061888
2527,scg,1995,-0.09808
2527,scg,1996,-0.166596
2527,scg,1997,-0.015799
2527,scg,1998,-0.046743
2527,scg,1999,-0.056315
2527,scg,2000,-0.087749
2527,scg,2001,-0.113323
2527,scg,2002,-0.034217
2527,scg,2003,-0.180752
2527,scg,2004,-0.064299
2527,scg,2005,0.077277
2527,sdn,1995,-0.086739
2527,sdn,1996,-0.182685
2527,sdn,1997,0
2527,sdn,1998,-0.045392
2527,sdn,1999,-0.072535
2527,sdn,2000,-0.095523
2527,sdn,2001,-0.161202
2527,sdn,2002,-0.032476
2527,sdn,2003,-0.196369
2527,sdn,2004,-0.076615
2527,sdn,2005,0.086977
2527,sdn,2006,-0.041621
2527,sdn,2007,-0.056738
2527,sen,1995,-0.071085
2527,sen,1996,-0.160689
2527,sen,1997,-0.011077
2527,sen,1998,-0.024325
2527,sen,1999,-0.05552
2527,sen,2000,-0.068735
2527,sen,2001,-0.119254
2527,sen,2002,-0.020683
2527,sen,2003,-0.180845
2527,sen,2004,-0.066208
2527,sen,2005,0.091418
2527,sen,2006,-0.036318
2527,sen,2007,-0.051012
2527,sgp,1995,-0.085209
2527,sgp,1996,-0.176182
2527,sgp,1997,-0.031977
2527,sgp,1998,-0.08543
2527,sgp,1999,-0.111045
2527,sgp,2000,-0.134995
2527,sgp,2001,0
2527,sgp,2002,-0.06311
2527,sgp,2003,-0.204094
2527,sgp,2004,-0.075498
2527,sgp,2005,0.058219
2527,sgp,2006,-0.049503
2527,sgp,2007,-0.060716
2527,shn,1995,-0.110309
2527,shn,1996,-0.212453
2527,shn,1997,-0.036656
2527,shn,1998,-0.093823
2527,shn,1999,-0.117451
2527,shn,2000,-0.142006
2527,shn,2001,-0.208078
2527,shn,2002,-0.06371
2527,shn,2003,-0.218316
2527,shn,2004,-0.083659
2527,shn,2005,0.074019
2527,shn,2006,-0.050491
2527,shn,2007,-0.063395
2527,slb,1995,-0.093225
2527,slb,1996,-0.196515
2527,slb,1997,-0.028241
2527,slb,1998,-0.06915
2527,slb,1999,-0.09123
2527,slb,2000,-0.115648
2527,slb,2001,-0.172895
2527,slb,2002,-0.043129
2527,slb,2003,-0.201007
2527,slb,2004,-0.076145
2527,slb,2005,0.089127
2527,slb,2006,-0.047441
2527,slb,2007,-0.062675
2527,sle,1995,-0.087903
2527,sle,1996,-0.190336
2527,sle,1997,-0.026706
2527,sle,1998,-0.074935
2527,sle,1999,-0.098972
2527,sle,2000,-0.125447
2527,sle,2001,-0.16024
2527,sle,2002,-0.046725
2527,sle,2003,-0.199224
2527,sle,2004,-0.06942
2527,sle,2005,0.078221
2527,sle,2006,-0.047642
2527,sle,2007,-0.060562
2527,slv,1995,-0.053071
2527,slv,1996,-0.158427
2527,slv,1997,-0.010195
2527,slv,1998,-0.022249
2527,slv,1999,-0.057346
2527,slv,2000,-0.068925
2527,slv,2001,-0.119326
2527,slv,2002,-0.025141
2527,slv,2003,-0.184344
2527,slv,2004,-0.065011
2527,slv,2005,0.089925
2527,slv,2006,-0.040435
2527,slv,2007,-0.057752
2527,som,1995,-0.102173
2527,som,1996,-0.202002
2527,som,1997,-0.031602
2527,som,1998,-0.072343
2527,som,1999,-0.090973
2527,som,2000,-0.115607
2527,som,2001,-0.17467
2527,som,2002,-0.043373
2527,som,2003,-0.206833
2527,som,2004,-0.078208
2527,som,2005,0.08639
2527,som,2006,-0.046914
2527,som,2007,-0.061244
2527,spm,1995,-0.103615
2527,spm,1996,-0.207023
2527,spm,1997,-0.031547
2527,spm,1998,-0.0961
2527,spm,1999,-0.105311
2527,spm,2000,-0.122777
2527,spm,2001,-0.18309
2527,spm,2002,-0.054546
2527,spm,2003,-0.22225
2527,spm,2004,-0.082064
2527,spm,2005,0.081457
2527,spm,2006,-0.051449
2527,spm,2007,-0.062453
2527,stp,1995,-0.103291
2527,stp,1996,-0.210054
2527,stp,1997,-0.035863
2527,stp,1998,-0.093354
2527,stp,1999,-0.117312
2527,stp,2000,-0.13138
2527,stp,2001,-0.198403
2527,stp,2002,-0.05069
2527,stp,2003,-0.210319
2527,stp,2004,-0.078556
2527,stp,2005,0.074682
2527,stp,2006,-0.052227
2527,stp,2007,-0.063104
2527,sur,1995,-0.091923
2527,sur,1996,-0.199985
2527,sur,1997,-0.025444
2527,sur,1998,-0.073009
2527,sur,1999,-0.092673
2527,sur,2000,-0.106304
2527,sur,2001,-0.167545
2527,sur,2002,-0.043621
2527,sur,2003,-0.203221
2527,sur,2004,-0.078259
2527,sur,2005,0.083034
2527,sur,2006,-0.044164
2527,sur,2007,-0.062158
2527,svk,1995,-0.121996
2527,svk,1996,-0.211255
2527,svk,1997,-0.045399
2527,svk,1998,0
2527,svk,1999,0
2527,svk,2000,0
2527,svk,2001,-0.205596
2527,svk,2002,-0.069898
2527,svk,2003,-0.216621
2527,svk,2004,-0.082688
2527,svk,2005,0.058122
2527,svk,2006,-0.049991
2527,svk,2007,-0.063001
2527,svn,1995,-0.130158
2527,svn,1996,-0.212704
2527,svn,1997,-0.049896
2527,svn,1998,-0.123423
2527,svn,1999,-0.132011
2527,svn,2000,0
2527,svn,2001,-0.230381
2527,svn,2002,-0.082647
2527,svn,2003,-0.221918
2527,svn,2004,-0.086555
2527,svn,2005,0.040232
2527,svn,2006,-0.053049
2527,svn,2007,-0.066191
2527,swe,1995,-0.191068
2527,swe,1996,-0.269647
2527,swe,1997,-0.099371
2527,swe,1998,-0.194707
2527,swe,1999,-0.19459
2527,swe,2000,-0.218473
2527,swe,2001,-0.294042
2527,swe,2002,-0.126035
2527,swe,2003,-0.234352
2527,swe,2004,-0.093477
2527,swe,2005,0.025032
2527,swe,2006,-0.058742
2527,swe,2007,-0.070462
2527,syc,1995,-0.097173
2527,syc,1996,-0.204757
2527,syc,1997,-0.030825
2527,syc,1998,-0.085939
2527,syc,1999,-0.106973
2527,syc,2000,-0.123405
2527,syc,2001,-0.186499
2527,syc,2002,-0.048323
2527,syc,2003,-0.207186
2527,syc,2004,-0.079448
2527,syc,2005,0.079648
2527,syc,2006,-0.051082
2527,syc,2007,-0.062726
2527,syr,1995,-0.085524
2527,syr,1996,-0.180705
2527,syr,1997,-0.019986
2527,syr,1998,-0.006747
2527,syr,1999,-0.051394
2527,syr,2000,-0.071787
2527,syr,2001,-0.119055
2527,syr,2002,-0.020768
2527,syr,2003,-0.181207
2527,syr,2004,-0.065606
2527,syr,2005,0.098964
2527,syr,2006,-0.031199
2527,syr,2007,-0.054896
2527,tca,1995,-0.109942
2527,tca,1996,-0.213857
2527,tca,1997,-0.027712
2527,tca,1998,-0.083553
2527,tca,1999,-0.092411
2527,tca,2000,-0.119406
2527,tca,2001,-0.17445
2527,tca,2002,-0.048402
2527,tca,2003,-0.208452
2527,tca,2004,-0.07906
2527,tca,2005,0.083513
2527,tca,2006,-0.048439
2527,tca,2007,-0.061091
2527,tcd,1995,-0.110512
2527,tcd,1996,-0.215644
2527,tcd,1997,-0.038867
2527,tcd,1998,-0.08464
2527,tcd,1999,-0.113579
2527,tcd,2000,-0.121381
2527,tcd,2001,-0.183098
2527,tcd,2002,-0.055738
2527,tcd,2003,-0.208789
2527,tcd,2004,-0.0839
2527,tcd,2005,0.081271
2527,tcd,2006,-0.050151
2527,tcd,2007,-0.06356
2527,tgo,1995,-0.057997
2527,tgo,1996,-0.164482
2527,tgo,1997,-0.007076
2527,tgo,1998,-0.022813
2527,tgo,1999,-0.070194
2527,tgo,2000,-0.074009
2527,tgo,2001,-0.114418
2527,tgo,2002,-0.019225
2527,tgo,2003,-0.171827
2527,tgo,2004,-0.058307
2527,tgo,2005,0.094306
2527,tgo,2006,-0.03812
2527,tgo,2007,-0.057092
2527,tha,1995,-0.015974
2527,tha,1996,-0.099431
2527,tha,1997,0.012169
2527,tha,1998,0.008622
2527,tha,1999,-0.027224
2527,tha,2000,-0.026203
2527,tha,2001,0
2527,tha,2002,-0.018349
2527,tha,2003,-0.1602
2527,tha,2004,-0.064651
2527,tha,2005,0.078552
2527,tha,2006,-0.040627
2527,tha,2007,-0.058573
2527,tjk,1995,-0.097213
2527,tjk,1996,-0.197942
2527,tjk,1997,-0.017114
2527,tjk,1998,-0.040874
2527,tjk,1999,-0.075008
2527,tjk,2000,-0.093876
2527,tjk,2001,-0.13628
2527,tjk,2002,-0.031078
2527,tjk,2003,-0.19553
2527,tjk,2004,-0.076886
2527,tjk,2005,0.08928
2527,tjk,2006,-0.042417
2527,tjk,2007,-0.058857
2527,tkl,1995,-0.111347
2527,tkl,1996,-0.203146
2527,tkl,1997,-0.024158
2527,tkl,1998,-0.054074
2527,tkl,1999,-0.092468
2527,tkl,2000,-0.104199
2527,tkl,2001,-0.159011
2527,tkl,2002,-0.035552
2527,tkl,2003,-0.198972
2527,tkl,2004,-0.077419
2527,tkl,2005,0.084038
2527,tkl,2006,-0.04476
2527,tkl,2007,-0.061047
2527,tkm,1995,-0.10007
2527,tkm,1996,-0.200672
2527,tkm,1997,-0.023062
2527,tkm,1998,-0.038622
2527,tkm,1999,-0.084822
2527,tkm,2000,-0.099852
2527,tkm,2001,-0.166339
2527,tkm,2002,-0.045135
2527,tkm,2003,-0.207967
2527,tkm,2004,-0.079982
2527,tkm,2005,0.086241
2527,tkm,2006,-0.045423
2527,tkm,2007,-0.06124
2527,tls,1995,-0.123777
2527,tls,1996,-0.223041
2527,tls,1997,-0.043058
2527,tls,1998,-0.099582
2527,tls,1999,-0.117226
2527,tls,2000,-0.129013
2527,tls,2001,-0.204967
2527,tls,2002,-0.049002
2527,tls,2003,-0.210684
2527,tls,2004,-0.082168
2527,tls,2005,0.080015
2527,tls,2006,-0.050146
2527,tls,2007,-0.062819
2527,ton,1995,-0.096537
2527,ton,1996,-0.187447
2527,ton,1997,-0.025452
2527,ton,1998,-0.063314
2527,ton,1999,-0.09266
2527,ton,2000,-0.108549
2527,ton,2001,-0.170577
2527,ton,2002,-0.040034
2527,ton,2003,-0.186328
2527,ton,2004,-0.076902
2527,ton,2005,0.086785
2527,ton,2006,-0.046324
2527,ton,2007,-0.062373
2527,tto,1995,-0.08546
2527,tto,1996,-0.19359
2527,tto,1997,-0.019974
2527,tto,1998,-0.062441
2527,tto,1999,-0.092048
2527,tto,2000,-0.110997
2527,tto,2001,-0.175195
2527,tto,2002,-0.048468
2527,tto,2003,-0.212655
2527,tto,2004,-0.079135
2527,tto,2005,0.08358
2527,tto,2006,-0.045978
2527,tto,2007,-0.059267
2527,tun,1995,-0.052342
2527,tun,1996,-0.151675
2527,tun,1997,-0.003345
2527,tun,1998,-0.005198
2527,tun,1999,-0.042214
2527,tun,2000,-0.04825
2527,tun,2001,-0.100697
2527,tun,2002,-0.0181
2527,tun,2003,-0.170137
2527,tun,2004,-0.062631
2527,tun,2005,0.093847
2527,tun,2006,-0.034078
2527,tun,2007,-0.051292
2527,tur,1995,-0.037791
2527,tur,1996,0
2527,tur,1997,0
2527,tur,1998,0
2527,tur,1999,0
2527,tur,2000,0
2527,tur,2001,0
2527,tur,2002,0.000395
2527,tur,2003,-0.157505
2527,tur,2004,-0.058349
2527,tur,2005,0.093027
2527,tur,2006,-0.028494
2527,tur,2007,-0.051272
2527,tuv,1995,-0.115774
2527,tuv,1996,-0.215142
2527,tuv,1997,-0.038946
2527,tuv,1998,-0.090559
2527,tuv,1999,-0.11238
2527,tuv,2000,-0.130376
2527,tuv,2001,-0.142769
2527,tuv,2002,-0.033486
2527,tuv,2003,-0.219732
2527,tuv,2004,-0.083855
2527,tuv,2005,0.076723
2527,tuv,2006,-0.050505
2527,tuv,2007,-0.063754
2527,tza,1995,-0.044626
2527,tza,1996,-0.141974
2527,tza,1997,0.021758
2527,tza,1998,0.012228
2527,tza,1999,-0.03008
2527,tza,2000,-0.031091
2527,tza,2001,-0.064832
2527,tza,2002,0.021781
2527,tza,2003,-0.140047
2527,tza,2004,-0.043279
2527,tza,2005,0.108877
2527,tza,2006,-0.020728
2527,tza,2007,-0.047902
2527,uga,1995,-0.08794
2527,uga,1996,-0.187679
2527,uga,1997,-0.01662
2527,uga,1998,-0.044555
2527,uga,1999,-0.067154
2527,uga,2000,-0.078439
2527,uga,2001,-0.115308
2527,uga,2002,-0.00833
2527,uga,2003,-0.170244
2527,uga,2004,-0.057498
2527,uga,2005,0.101194
2527,uga,2006,-0.030011
2527,uga,2007,-0.051737
2527,ukr,1995,-0.075048
2527,ukr,1996,-0.190309
2527,ukr,1997,-0.018403
2527,ukr,1998,-0.07439
2527,ukr,1999,-0.080621
2527,ukr,2000,-0.110453
2527,ukr,2001,-0.159096
2527,ukr,2002,-0.042752
2527,ukr,2003,-0.19332
2527,ukr,2004,-0.075637
2527,ukr,2005,0.084193
2527,ukr,2006,-0.038211
2527,ukr,2007,-0.056717
2527,ury,1995,-0.078498
2527,ury,1996,-0.166691
2527,ury,1997,-0.002295
2527,ury,1998,-0.032795
2527,ury,1999,-0.061868
2527,ury,2000,-0.082089
2527,ury,2001,-0.138605
2527,ury,2002,-0.025219
2527,ury,2003,-0.187107
2527,ury,2004,-0.069065
2527,ury,2005,0.085275
2527,ury,2006,-0.039749
2527,ury,2007,-0.056584
2527,usa,1995,0
2527,usa,1996,-0.232263
2527,usa,1997,-0.08637
2527,usa,1998,-0.166655
2527,usa,1999,-0.175215
2527,usa,2000,-0.193269
2527,usa,2001,-0.257857
2527,usa,2002,-0.12169
2527,usa,2003,-0.216657
2527,usa,2004,-0.091464
2527,usa,2005,-0.00456
2527,usa,2006,-0.054319
2527,usa,2007,-0.066024
2527,uzb,1995,-0.08983
2527,uzb,1996,-0.193763
2527,uzb,1997,-0.017818
2527,uzb,1998,-0.038826
2527,uzb,1999,-0.072426
2527,uzb,2000,-0.079334
2527,uzb,2001,-0.132603
2527,uzb,2002,-0.025488
2527,uzb,2003,-0.195703
2527,uzb,2004,-0.073295
2527,uzb,2005,0.089763
2527,uzb,2006,-0.04185
2527,uzb,2007,-0.05896
2527,vct,1995,-0.092393
2527,vct,1996,-0.197013
2527,vct,1997,-0.028761
2527,vct,1998,-0.071523
2527,vct,1999,-0.102384
2527,vct,2000,-0.10484
2527,vct,2001,-0.178063
2527,vct,2002,-0.04595
2527,vct,2003,-0.205988
2527,vct,2004,-0.080117
2527,vct,2005,0.085169
2527,vct,2006,-0.047988
2527,vct,2007,-0.063123
2527,ven,1995,0
2527,ven,1996,-0.196852
2527,ven,1997,-0.023122
2527,ven,1998,-0.069626
2527,ven,1999,-0.083758
2527,ven,2000,-0.118717
2527,ven,2001,-0.174878
2527,ven,2002,-0.0463
2527,ven,2003,-0.212967
2527,ven,2004,-0.078262
2527,ven,2005,0.082524
2527,ven,2006,-0.046327
2527,ven,2007,-0.059843
2527,vgb,1995,-0.1142
2527,vgb,1996,-0.210534
2527,vgb,1997,-0.034189
2527,vgb,1998,-0.089626
2527,vgb,1999,-0.11763
2527,vgb,2000,-0.129132
2527,vgb,2001,-0.185168
2527,vgb,2002,-0.059222
2527,vgb,2003,-0.216361
2527,vgb,2004,-0.081172
2527,vgb,2005,0.084569
2527,vgb,2006,-0.049648
2527,vgb,2007,-0.060069
2527,vnm,1995,0.009764
2527,vnm,1996,-0.079707
2527,vnm,1997,0.024041
2527,vnm,1998,0.036486
2527,vnm,1999,0.011556
2527,vnm,2000,0.022349
2527,vnm,2001,0.001357
2527,vnm,2002,0.030415
2527,vnm,2003,0
2527,vnm,2004,-0.036882
2527,vnm,2005,0.111578
2527,vnm,2006,-0.030126
2527,vnm,2007,-0.047359
2527,vut,1995,-0.096396
2527,vut,1996,-0.19865
2527,vut,1997,-0.025278
2527,vut,1998,-0.067915
2527,vut,1999,-0.090565
2527,vut,2000,-0.10591
2527,vut,2001,-0.161906
2527,vut,2002,-0.031667
2527,vut,2003,-0.193252
2527,vut,2004,-0.074477
2527,vut,2005,0.08741
2527,vut,2006,-0.045875
2527,vut,2007,-0.062387
2527,wlf,1995,-0.115337
2527,wlf,1996,-0.218249
2527,wlf,1997,-0.037792
2527,wlf,1998,-0.098162
2527,wlf,1999,-0.123461
2527,wlf,2000,-0.132613
2527,wlf,2001,-0.200414
2527,wlf,2002,-0.058381
2527,wlf,2003,-0.224214
2527,wlf,2004,-0.085745
2527,wlf,2005,0.076484
2527,wlf,2006,-0.052057
2527,wlf,2007,-0.064038
2527,wsm,1995,-0.092452
2527,wsm,1996,-0.199895
2527,wsm,1997,-0.030421
2527,wsm,1998,-0.077213
2527,wsm,1999,-0.093711
2527,wsm,2000,-0.109951
2527,wsm,2001,-0.16967
2527,wsm,2002,-0.050229
2527,wsm,2003,-0.196573
2527,wsm,2004,-0.074718
2527,wsm,2005,0.080412
2527,wsm,2006,-0.050913
2527,wsm,2007,-0.06283
2527,yem,1995,-0.104166
2527,yem,1996,-0.20683
2527,yem,1997,-0.03081
2527,yem,1998,-0.060957
2527,yem,1999,-0.098484
2527,yem,2000,-0.116085
2527,yem,2001,-0.178388
2527,yem,2002,-0.044879
2527,yem,2003,-0.203467
2527,yem,2004,-0.078007
2527,yem,2005,0.087248
2527,yem,2006,-0.045194
2527,yem,2007,-0.061159
2527,zaf,1995,-0.059656
2527,zaf,1996,-0.157477
2527,zaf,1997,0.003117
2527,zaf,1998,-0.036872
2527,zaf,1999,0
2527,zaf,2000,-0.058889
2527,zaf,2001,0
2527,zaf,2002,0
2527,zaf,2003,0
2527,zaf,2004,0
2527,zaf,2005,0
2527,zaf,2006,0
2527,zaf,2007,0
2527,zmb,1995,-0.090077
2527,zmb,1996,-0.183413
2527,zmb,1997,-0.007299
2527,zmb,1998,-0.03146
2527,zmb,1999,-0.06611
2527,zmb,2000,-0.077796
2527,zmb,2001,-0.11619
2527,zmb,2002,-0.002124
2527,zmb,2003,-0.169483
2527,zmb,2004,-0.060857
2527,zmb,2005,0.090757
2527,zmb,2006,-0.036123
2527,zmb,2007,-0.054059
2527,zwe,1995,0
2527,zwe,1996,-0.147561
2527,zwe,1997,-0.004281
2527,zwe,1998,-0.010906
2527,zwe,1999,-0.043775
2527,zwe,2000,-0.050927
2527,zwe,2001,-0.094509
2527,zwe,2002,0.003488
2527,zwe,2003,-0.168891
2527,zwe,2004,-0.050491
2527,zwe,2005,0.100382
2527,zwe,2006,-0.034562
2527,zwe,2007,-0.043389
2527,twn,1995,0
2527,twn,1996,-0.194672
2527,twn,1997,-0.037995
2527,twn,1998,-0.082143
2527,twn,1999,-0.109896
2527,twn,2000,-0.13988
2527,twn,2001,-0.218893
2527,twn,2002,-0.088507
2527,twn,2003,-0.21092
2527,twn,2004,-0.081379
2527,twn,2005,0.044612
2527,twn,2006,-0.054047
2527,twn,2007,-0.062272
2527,ans,1995,-0.112038
2527,ans,1996,-0.207988
2527,ans,1997,-0.0335
2527,ans,1998,-0.09115
2527,ans,1999,-0.111257
2527,ans,2000,-0.131271
2527,ans,2001,-0.193123
2527,ans,2002,-0.044821
2527,ans,2003,-0.208167
2527,ans,2004,-0.078482
2527,ans,2005,0.08387
2527,ans,2006,-0.047176
2527,ans,2007,-0.06465
2527,lux,1999,-0.125482
2527,lux,2000,-0.141298
2527,lux,2001,-0.208426
2527,lux,2002,-0.075793
2527,lux,2003,-0.216515
2527,lux,2004,-0.080258
2527,lux,2005,0.059015
2527,lux,2006,-0.052142
2527,lux,2007,-0.063187
2527,asm,2000,-0.135898
2527,asm,2001,-0.199319
2527,asm,2002,-0.05715
2527,asm,2003,-0.213424
2527,asm,2004,-0.082819
2527,asm,2005,0.067705
2527,asm,2006,-0.049652
2527,asm,2007,-0.061274
2527,ata,2000,-0.140137
2527,ata,2001,-0.200225
2527,ata,2002,-0.061835
2527,ata,2003,-0.224799
2527,ata,2004,-0.085292
2527,ata,2005,0.077943
2527,ata,2006,-0.05173
2527,ata,2007,-0.063005
2527,bvt,2000,-0.139891
2527,bvt,2001,-0.205166
2527,bvt,2002,-0.058745
2527,bvt,2003,-0.223605
2527,bvt,2004,-0.085092
2527,bvt,2005,0.079398
2527,bvt,2006,-0.050935
2527,bvt,2007,-0.063679
2527,bwa,2000,-0.117782
2527,bwa,2001,-0.167125
2527,bwa,2002,-0.051193
2527,bwa,2003,-0.220172
2527,bwa,2004,-0.070246
2527,bwa,2005,0.090943
2527,bwa,2006,-0.043567
2527,bwa,2007,0
2527,gum,2000,-0.129659
2527,gum,2001,-0.188841
2527,gum,2002,-0.049465
2527,gum,2003,-0.20585
2527,gum,2004,-0.076585
2527,gum,2005,0.083073
2527,gum,2006,-0.049121
2527,gum,2007,-0.057982
2527,hmd,2000,-0.133052
2527,hmd,2001,-0.204929
2527,hmd,2002,-0.059316
2527,hmd,2003,-0.221795
2527,hmd,2004,-0.083777
2527,hmd,2005,0.079837
2527,hmd,2006,-0.051709
2527,hmd,2007,-0.062985
2527,lso,2000,-0.123522
2527,lso,2001,-0.177771
2527,lso,2002,-0.053801
2527,lso,2003,-0.213963
2527,lso,2004,-0.081149
2527,lso,2005,0.082465
2527,lso,2006,-0.048415
2527,lso,2007,-0.060457
2527,myt,2000,-0.138741
2527,myt,2001,-0.203578
2527,myt,2002,-0.054277
2527,myt,2003,-0.217871
2527,myt,2004,-0.080659
2527,myt,2005,0.073059
2527,myt,2006,-0.051291
2527,myt,2007,-0.062828
2527,nam,2000,-0.083344
2527,nam,2001,-0.137914
2527,nam,2002,-0.016145
2527,nam,2003,-0.191318
2527,nam,2004,-0.068404
2527,nam,2005,0.09459
2527,nam,2006,-0.039345
2527,nam,2007,-0.032741
2527,pse,2000,-0.131645
2527,pse,2001,-0.175977
2527,pse,2002,-0.049168
2527,pse,2003,-0.198623
2527,pse,2004,-0.078138
2527,pse,2005,0.08265
2527,pse,2006,-0.045943
2527,pse,2007,-0.060549
2527,sgs,2000,-0.138509
2527,sgs,2001,-0.202136
2527,sgs,2002,-0.062684
2527,sgs,2003,-0.225535
2527,sgs,2004,-0.085039
2527,sgs,2005,0.080127
2527,sgs,2006,-0.051717
2527,sgs,2007,-0.063729
2527,smr,2000,-0.147373
2527,smr,2001,-0.207536
2527,smr,2002,-0.065853
2527,smr,2003,-0.218375
2527,smr,2004,-0.083596
2527,smr,2005,0.069488
2527,smr,2006,-0.049065
2527,smr,2007,-0.062979
2527,swz,2000,-0.119179
2527,swz,2001,-0.188359
2527,swz,2002,-0.066733
2527,swz,2003,-0.20759
2527,swz,2004,-0.082338
2527,swz,2005,0.070403
2527,swz,2006,-0.045374
2527,swz,2007,-0.060163
2527,umi,2000,-0.107797
2527,umi,2001,-0.166181
2527,umi,2002,-0.061155
2527,umi,2003,-0.215964
2527,umi,2004,-0.081659
2527,umi,2005,0.075014
2527,umi,2006,-0.048844
2527,umi,2007,-0.062588
2527,vat,2000,-0.139787
2527,vat,2001,-0.190196
2527,vat,2002,-0.064626
2527,vat,2003,-0.222867
2527,vat,2004,-0.080535
2527,vat,2005,0.076175
2527,vat,2006,-0.049483
2527,vat,2007,-0.063362
2527,srb,2006,-0.03708
2527,srb,2007,-0.056674
2527,mne,2006,-0.043868
2527,mne,2007,-0.060138
